driverId,name,ssn,location,certified,wage-plan
10,Marcia Chan,815-68-7575,"8407 Jessica Burg Apt. 118
Lake Shawnstad, AR 87292",Y,miles
11,Holly Carey,355-46-1720,"893 Mary Field Apt. 449
Lake Diamondberg, NE 17608",Y,hours
12,Shane Peck,741-33-6438,"920 Carpenter Union
Dicksonstad, MP 53093",N,miles
13,Kenneth Marshall,677-36-7645,"46479 Kristen Gardens
East Claire, PW 65039",Y,hours
14,Nicholas Green,065-77-1023,"4046 Brown Rapid
Jameshaven, NH 40960",Y,hours
15,Sheri Perkins,131-91-9433,"433 Charles Union
Toddburgh, WA 55719",Y,miles
16,Michael Carroll,197-09-5962,"6690 Linda Viaduct
East Johnnyhaven, VA 46910",Y,hours
17,Martin Watson,129-44-8392,"57368 David Meadow
East Richard, MP 91545",N,miles
18,April Myers,445-02-8281,"530 Perry Squares
New Kari, MH 58629",N,miles
19,Rhonda Simpson,449-92-4812,"8401 Miller Turnpike Apt. 091
Johnshire, MA 97395",N,hours
20,Anthony Foster,779-06-1287,"8565 Jackson Center Suite 843
Meganton, IN 63912",Y,hours
21,Gloria Brooks,188-21-2379,"3960 Fletcher Ways Suite 180
Elliston, WI 00912",Y,hours
22,William Wiley,715-75-7547,"5507 Amber Squares Suite 245
Erinshire, FM 54546",N,miles
23,Caitlin White,418-41-9606,"186 Wendy Shoals Apt. 736
Molinatown, GU 15431",Y,miles
24,Nicholas Hall,664-24-5233,"5123 Patrick Cove
Kimberlyside, WA 95816",N,hours
25,Chad Mitchell,737-77-4715,"0341 Hall Shoals Suite 704
Raymondberg, WA 65605",Y,hours
26,Nicholas Harmon,128-17-0209,"609 Dylan Ports
Nancyfurt, NC 42047",Y,miles
27,Kelly Rosario,774-09-0290,"240 Carl Shoals
Kyletown, IA 90747",N,hours
28,Ann Bailey,490-78-2384,"55116 Dalton Port Apt. 185
Port Samantha, AR 24650",Y,miles
29,Robert Deleon,012-34-5269,"Unit 4312 Box 4297
DPO AE 95639",N,miles
30,Mrs. Sarah Watts,145-61-6080,"450 John Springs Suite 500
New Daniel, LA 53069",Y,miles
31,Shannon Peterson,339-33-2530,"7326 Murphy Glens
Port Jonathanchester, NH 24032",N,hours
32,Mary Hill,359-32-1384,"Unit 7556 Box 2109
DPO AP 05279",N,hours
33,Robert Jones III,686-32-5744,"8635 Vaughn Glen Apt. 187
Pooleton, VA 46909",N,miles
34,Michael Brown,322-56-5907,"21622 Alexandria Brook Apt. 929
South Stevenchester, NE 03318",Y,hours
35,John Parker,025-55-9333,"4273 Murray Mills Apt. 595
East Richardland, MP 90695",Y,hours
36,Miguel Sloan,650-38-3489,"0218 Hardy Wall
Hernandezton, FM 04330",Y,hours
37,Anthony Zuniga,809-63-7949,"88327 Kelsey Shores Suite 086
Kimberlyfurt, MA 34152",Y,miles
38,Charles Burke,006-06-5628,"57037 Robin Causeway Apt. 982
Port Sydney, MI 10754",N,miles
39,Yvette Chen,171-39-2200,"PSC 2788, Box 3837
APO AA 19502",Y,miles
40,Cheryl Dunn,087-22-8085,"6834 James Island Apt. 778
South Johnside, AK 28664",Y,hours
41,Dustin Benjamin,217-87-1468,"377 Wilson View
West Brooke, TN 62777",Y,miles
42,Elizabeth Smith,492-09-4014,"98778 Lee Keys
New Holly, MA 01008",Y,miles
43,Elizabeth Hicks,243-80-1500,"968 Laura Center Suite 502
Montgomerystad, LA 48317",Y,hours
44,Jeffrey Gutierrez,399-29-9934,"925 Rodriguez Valleys Suite 282
Sarahchester, GA 21569",Y,hours
45,Kimberly Ortiz,362-42-1967,"PSC 3935, Box 8583
APO AP 03307",Y,miles
46,Adam Allen,684-30-4755,"703 Wong Mission Apt. 335
Port Tony, OK 08772",N,hours
47,David Jackson,699-49-9249,"USNS Murphy
FPO AP 99066",N,miles
48,Matthew Rose,755-58-3901,"25122 Monica Camp Apt. 106
Rebeccaside, WV 58981",N,hours
49,Alicia Mathis,181-47-4016,"88554 Pittman Parks
Port Angela, AZ 50226",Y,hours
50,Nancy Murphy,720-89-0170,"4568 Danielle Dam
Thomasview, CT 95573",N,miles
51,Mr. James Nguyen PhD,253-07-7439,"Unit 8069 Box 6578
DPO AE 52604",Y,hours
52,Warren Sanchez,025-45-0873,"61113 Bullock Loop
North Andrea, PA 46569",N,hours
53,Stephanie Pierce,388-48-7178,"Unit 3146 Box 0760
DPO AP 67005",Y,hours
54,Caitlin Pena,545-61-9491,"USNV Ford
FPO AE 57519",N,miles
55,Francisco Brown,244-96-8609,"871 Beverly Spur Apt. 783
Deanfort, NM 94930",N,miles
56,Kevin Schmidt,115-57-3460,"252 Obrien Landing Apt. 080
Port Meghantown, NV 32834",N,hours
57,Deborah Perez,473-25-0572,"40401 Wade Vista
East Hunter, RI 63302",N,hours
58,Michael Johnson,884-12-0955,"744 Ruiz Alley
New Rebecca, PA 38626",Y,hours
59,Daniel Mathis,834-50-7434,"7839 Marshall Brook
New Jillianview, AS 82828",N,hours
60,Mark Pearson,681-72-2610,"99993 Rebecca Brooks Apt. 726
South Antonio, NM 11271",N,miles
61,Lisa Smith,057-56-2529,"6777 Julie Lakes
West Emily, MI 47558",Y,miles
62,James Morse,499-45-3170,"7692 Thomas Drive
Courtneyville, LA 80615",Y,hours
63,Rebecca Moore,337-52-1887,"3510 Gary Ford Apt. 490
Leechester, HI 57426",Y,miles
64,Sara Moore,783-78-5083,"120 Vazquez Tunnel Apt. 236
Robertsonton, AR 59368",N,miles
65,John Brown,343-06-5853,"49188 Combs Brook Suite 200
Debbieburgh, MH 30928",Y,hours
66,Mary Johnson,593-88-6983,"8521 Kimberly Via Suite 790
Shawview, NH 16804",N,miles
67,Karen Bennett,122-07-5805,"08697 Holland Stravenue Apt. 148
Janeside, NC 88982",N,hours
68,Mr. William Caldwell,295-63-4027,"56874 Amanda Cove Suite 314
Fisherland, VA 91866",N,hours
69,Dustin Riley,533-51-8759,"846 Moore Walk
Port Stephanie, AS 74814",N,miles
70,Frank Bruce,118-58-4873,"37652 Deborah Branch Suite 463
West Lauren, PR 34317",Y,miles
71,Jessica Johnston,761-67-3129,"1050 Lee Garden
Joelfurt, SD 54887",N,hours
72,Michael Hancock,142-86-3098,"98525 Christopher Stream Apt. 346
Perezfort, VA 31466",N,hours
73,Heather Reed,602-06-2369,"PSC 4314, Box 1295
APO AA 31268",Y,hours
74,Juan Anderson,611-74-0866,"5896 Hale Throughway
New Danielview, WY 81936",N,hours
75,Sherry Thomas,697-01-2792,"125 Payne Divide
Sharpborough, VI 71741",N,hours
76,Elijah Warner,063-87-5695,"28785 Justin Common
West Kevin, MH 77497",Y,hours
77,Sheryl Walker,358-74-0026,"77886 Morrison Streets
Lake Andreaside, CO 72080",N,miles
78,Carla Jones,004-43-8957,"21984 Moore Ridges
Port Randy, AS 57475",N,miles
79,Lisa Walsh,875-17-1020,"490 Barnes Glens
East Christine, VA 56011",Y,hours
80,Amy Johnson,240-13-2693,"789 Nicole Vista Suite 414
Emilystad, AL 09724",Y,hours
81,Bruce Ayers,046-48-3437,"3174 Kristina Valleys Apt. 571
Darrylberg, VT 55875",Y,hours
82,Jason Padilla,377-98-1381,"9491 Cindy Ford Apt. 705
Erinmouth, VI 36243",N,miles
83,Joshua Daniels,365-74-3083,"PSC 5989, Box 4556
APO AP 55914",N,hours
84,Danielle Turner,465-88-1174,"10847 Christensen Forge Suite 289
South Feliciahaven, TX 44974",Y,miles
85,Kelly West,313-57-6681,"82792 Deanna Field
Shepherdberg, MH 19160",N,hours
86,Paul Thomas,758-86-8305,"PSC 9608, Box 9532
APO AP 42564",Y,hours
87,Scott Salazar,023-55-2012,"01369 Spence Estate
South Kelseytown, MH 21730",Y,miles
88,Sarah Fields,800-19-7129,"42375 Vincent Plaza
North Nicholas, MP 96998",Y,hours
89,Amy Barnett,772-55-1761,"0919 Jessica Crossroad
Port Kelsey, MP 47946",N,hours
90,Aaron Jones,801-87-8539,"75515 Diaz Road Apt. 138
West Crystalstad, PA 32002",N,miles
91,Tonya Flores,299-04-7358,"61213 Duffy Fields Apt. 294
Port Sylvia, WY 26529",N,hours
92,Teresa Reed,684-88-4285,"1861 Reese Locks
North Brooke, PA 81327",Y,miles
93,Clayton Scott,091-94-5425,"87744 Joshua Spring Suite 387
West Charles, NH 14225",Y,hours
94,Sarah Stevens,686-52-1464,"00854 Morse Club
Joshuastad, VA 45338",N,hours
95,Mark Lewis,242-14-4954,"46031 Heather Springs Apt. 513
East Alan, VT 72291",N,hours
96,Dave Bernard,387-46-2698,"98174 Joshua Turnpike
Owenston, AL 54117",N,hours
97,Cindy Marsh,026-85-4315,"45310 Horton Knoll Suite 348
Danielborough, ND 41513",N,miles
98,Jeffrey Clayton,761-44-9591,"4499 Jones Mission
Elizabethchester, MS 79322",N,miles
99,Joshua Maldonado,461-12-3073,"85578 John Common Suite 843
Lake Kendra, PA 69041",N,hours
100,Dawn Mathis,055-39-7268,"6901 Luis Summit Suite 409
Kathrynport, ME 69906",Y,hours
101,Leon Keller,675-13-8710,"4206 Wendy Pass Apt. 556
Wardbury, NJ 60324",Y,miles
102,John King,039-19-4578,"56798 Higgins Haven
Lake Marcus, DE 62965",N,miles
103,Deborah Martin,378-21-8035,"875 Bailey Radial
Port Stephenview, PW 84995",N,hours
104,Joshua Fuller,072-99-8479,"80653 Chad Locks Suite 708
South Jessica, MT 29317",N,hours
105,Jordan Wells,533-82-1735,"39964 Mary Shoal Apt. 532
Mauricebury, TX 76615",Y,hours
106,Rachel Nelson,150-08-7268,"56415 Heather Fort Suite 634
Josephville, WI 16030",N,hours
107,Mr. Jason Torres,564-37-5313,"Unit 3591 Box 4918
DPO AP 27880",Y,hours
108,Dana Lawrence,834-64-9154,"17891 Brandt Lane
North Christopher, AR 31822",Y,miles
109,Amanda King,573-97-6413,"PSC 2910, Box 6146
APO AP 05641",Y,hours
110,Justin Mitchell Jr.,849-51-6290,"Unit 4775 Box 7326
DPO AA 27481",N,hours
111,Christopher Leblanc,770-61-4535,"78529 Michelle Estate Suite 882
Baileybury, DE 32832",Y,hours
112,Jake Gray,656-12-2849,"USNS Barnett
FPO AA 89388",N,hours
113,Mr. Darius Pacheco,386-09-6218,"137 Heather Mount Apt. 303
New Colleen, CT 39944",Y,hours
114,Diana Simmons,006-70-3413,"003 Christina Isle Apt. 881
West Wyattton, MP 09901",N,miles
115,Brent Mcintyre,692-12-1274,"254 Dustin Bridge Suite 552
Melissaland, NC 19202",N,hours
116,Stephanie Smith,381-84-4204,"675 Schultz Roads Suite 421
Myersmouth, TN 14880",Y,hours
117,Tiffany Mendoza,774-50-3139,"94526 Jasmine Highway
New Amber, MN 06784",Y,hours
118,Sean Hensley,120-46-5815,"47300 Calvin Vista Apt. 915
New Jessica, VI 48027",Y,miles
119,Victor Carroll,788-21-9063,"Unit 9869 Box 3803
DPO AA 63994",N,hours
120,Jonathan Hartman,836-96-8265,"1449 Miranda Circle
Lake Dianehaven, GA 32725",N,miles
121,Tiffany Smith,215-91-0702,"503 Michael Drive
Kingshire, AZ 11369",Y,hours
122,Stephanie Foster,221-17-7448,"280 Williams Crossing Apt. 751
Reynoldsfurt, OR 57525",N,miles
123,Robert Brandt,214-49-4498,"2115 Mario Mountains Suite 556
Port Michaeltown, NH 40027",N,hours
124,Victor Johnson,878-14-1639,"863 Michael Roads Suite 660
Daveside, IA 73414",N,hours
125,Erica Nguyen,858-44-1992,"02429 Michael Place Apt. 954
North Gabrielatown, PA 13107",N,miles
126,Nicole Stone,390-28-3708,"673 Guerrero Springs
New Kevin, AR 61644",Y,hours
127,Martin Graham,562-21-6228,"58988 Taylor Drive
Port Jennifer, KS 56457",N,miles
128,Julia Alvarez,297-21-3609,"3855 Dixon Forges
South Linda, AZ 04843",N,miles
129,Raymond Alexander,306-25-6080,"USNS Long
FPO AE 64903",Y,hours
130,Sonya Fleming,876-45-4717,"97345 Dillon Bypass
New Cherylview, MT 28518",N,hours
131,Mark Wilson,698-20-2640,"398 Figueroa Park Apt. 373
Hinesmouth, LA 12437",N,hours
132,Heather Horton,662-27-7633,"024 Mueller Wall Suite 084
Lake Andrea, MT 43529",N,miles
133,Patrick Welch,725-49-0399,"4997 Greene Drive Apt. 675
New Mark, PA 16151",Y,hours
134,Matthew Mitchell,103-85-1010,"729 Roberts Crest Apt. 755
Collierton, RI 34187",Y,miles
135,Cindy Crawford,661-72-1455,"144 Jones Lodge
North Dianachester, MT 70337",Y,hours
136,Jaime Maddox,893-74-8087,"USS Brown
FPO AP 32657",Y,hours
137,Kathleen Stone,068-69-9134,"955 Mark Tunnel
West Kellymouth, MS 82880",Y,miles
138,Victoria Gay,677-37-3531,"150 Brooks Via Suite 702
East Jenniferberg, NC 82991",Y,hours
139,Tina West,514-66-4293,"160 Ford Glen Suite 658
Swansonside, IL 42990",Y,miles
140,Deborah Ware,396-57-0218,"22873 Taylor Shores
Wrightshire, NJ 93822",Y,miles
141,Jason Dudley,419-32-0638,"3142 Schroeder Mountain Suite 199
Albertfurt, SC 75425",N,hours
142,Christian Moyer,555-18-6910,"USS Bailey
FPO AP 74115",Y,hours
143,Candace Pope,690-76-9358,"24937 Kevin Rest Suite 287
East Michael, KS 54041",Y,miles
144,Dustin Martinez,611-07-0199,"3728 Christopher Field
South Markmouth, MD 58581",N,hours
145,Jacob Park MD,865-30-5717,"465 Stone Brooks
Port Rachael, RI 46919",Y,miles
146,Jeremy Howell,887-33-1462,"7546 Morrow Spring
Allenfort, FM 08278",Y,hours
147,Luis Ortiz,522-62-4110,"83394 Jenkins Hills Suite 044
South John, MD 93857",Y,hours
148,Hannah Sanders,632-91-9371,"22687 Martinez Gardens Apt. 721
New Derek, MS 94616",N,hours
149,Jamie Hood,799-48-0383,"81914 Amy Drives Apt. 204
Wilsonside, UT 92715",Y,hours
150,Colin Brandt,764-45-6960,"Unit 7394 Box 1334
DPO AP 45852",Y,miles
151,Katie Perez,059-97-0840,"1936 Brown Cape
West Willie, OH 28865",Y,miles
152,Joann Craig,544-13-8671,"48403 Pamela Knoll Suite 620
Stokesborough, NH 55027",N,miles
153,Zachary Duncan,252-60-0606,"19436 Moody Stravenue Suite 253
Townsendberg, CA 74209",Y,hours
154,Kevin Davis,254-59-1889,"657 Bryant Greens
Port Jeremiahside, MO 97432",Y,hours
155,Monica Stokes,539-98-5128,"849 Samantha Bridge
North Williamville, CO 55538",N,hours
156,Patrick Sweeney,104-79-6242,"54445 Mcbride Lodge
Houstonview, AS 29227",Y,hours
157,Jamie Patterson,007-11-7804,"893 Dennis Parks
South Jessica, OK 37215",N,hours
158,Kelly Ferrell,467-82-7270,"53299 White Inlet
East Jonathon, NM 39875",Y,miles
159,Lindsey Perez,141-33-6644,"685 Edward Center
Cuevasmouth, CT 63660",Y,miles
160,Christine Myers,387-90-1215,"658 Richard Mews
Rebeccamouth, GA 31904",N,miles
161,Victoria Skinner,521-65-1132,"6449 Keith Throughway
South Debbie, RI 39427",N,miles
162,William Mcdowell,126-03-2037,"73322 Bryan Gardens
West Josephborough, AR 41563",Y,hours
163,Dawn Curry,421-22-0673,"65019 Kristine Manors Apt. 341
Thompsonberg, WY 89469",N,miles
164,Gerald Moses,886-56-2723,"1799 Brad Mountain Apt. 235
Stewartview, WA 97367",N,hours
165,Stacy Carrillo,066-90-5549,"4585 Daniel Stream Suite 038
Christophermouth, NV 67855",N,miles
166,Cathy Hill,037-86-1798,"108 Steven Well
West Barbara, MO 33916",N,miles
167,Debra Gamble,047-57-1976,"41666 Brown Island Suite 207
Perkinschester, AK 11245",Y,hours
168,Kayla Klein,649-98-1039,"0712 Roger Underpass
Pooleton, FL 86831",Y,miles
169,David Robinson,832-59-4221,"61068 Williams Ridge Apt. 632
Alexandrafurt, VA 94937",Y,miles
170,Mark Travis,757-20-0446,"22398 Keith Estates
Catherineburgh, TN 75176",Y,hours
171,Barry Diaz,783-47-1533,"03688 Willis Tunnel Apt. 577
Lake Kelly, TX 42097",N,miles
172,Tammie Pena,230-75-3399,"912 Dana Common
East Joshuatown, UT 88251",N,hours
173,Tiffany Ballard,172-66-5089,"656 Hernandez Ports Suite 162
Rubenchester, NY 14587",N,hours
174,Tammy Williams,729-22-1200,"847 Hudson Points
Stevenburgh, TN 97051",Y,miles
175,Angela Clay,628-39-6676,"00008 Robert Groves Apt. 410
Lake Steven, NH 97753",N,miles
176,Jonathan Estes,664-93-9753,"4797 Peterson Extensions Apt. 283
South Kimberlyshire, WY 77865",N,hours
177,Theresa Ramirez,655-30-2920,"435 Torres Common
Lake Julia, VA 85914",Y,miles
178,Carolyn Cain,360-83-7181,"PSC 1987, Box 4519
APO AE 32184",N,miles
179,Hector Aguirre,605-05-9251,"1214 Winters Creek
Candicetown, FM 39597",N,miles
180,Holly Schwartz,510-56-8528,"8565 Harvey Summit Apt. 885
Waltersfort, IL 44896",N,hours
181,Randall Edwards,267-04-5166,"9181 Debra Flat
Lake Ginashire, DE 51281",Y,hours
182,Maria Kennedy,706-20-2583,"7923 Alicia Dam Apt. 380
Rogerstad, NJ 66488",Y,hours
183,Heather Irwin,540-28-6812,"87703 Adams Isle
New Carol, LA 65966",Y,hours
184,Lisa Mitchell,471-55-6694,"67191 Justin Loaf Suite 575
Lake Jamesville, NJ 30513",Y,miles
185,Brian Mccoy,815-67-3307,"01664 Sweeney Wells Suite 848
Mirandaton, MA 72663",N,hours
186,Chris David,363-89-6858,"216 Anthony Camp Apt. 147
Wilkinsonton, MT 67752",Y,hours
187,Roberta Nguyen,225-86-4793,"591 Taylor Village
Joshuaburgh, ND 77674",Y,miles
188,Anthony Ware,239-90-8440,"420 Benjamin Plaza
Philliphaven, MD 63649",Y,hours
189,Zachary Shaffer,660-99-9819,"0690 Chen Shore Suite 879
West Devon, CT 43343",Y,hours
190,David Mccoy,563-97-1000,"15614 Heather Landing Apt. 258
Brandibury, AR 71027",Y,hours
191,Anthony Kelley,037-36-7879,"504 Kelly Well Suite 998
Lake Ryan, DE 51219",Y,miles
192,Ashley King,247-01-6210,"828 Ana Throughway
East Eric, MN 98636",Y,hours
193,Christopher Wiley,238-79-1836,"671 Cody Square Suite 864
Howellside, ND 06170",N,miles
194,Tyler Baxter,484-56-4150,"315 Stephanie Ranch
West Christopherport, WY 60289",N,hours
195,James Howell,651-72-4283,"USNV Martinez
FPO AP 91740",Y,hours
196,Cynthia Clarke,436-48-6333,"4475 Miranda Walk
West Sydneymouth, MI 32859",Y,hours
197,Tristan Davis,757-11-1735,"09218 Walker Forge Suite 772
Brittanyport, AR 15280",Y,miles
198,Jason Garcia,402-80-9235,"72696 Rogers Underpass
Christopherborough, NE 59239",N,miles
199,Christy Horne,887-38-1506,"2388 Karen Expressway Apt. 015
North Alex, UT 35315",N,miles
200,Kimberly Hoffman,098-01-3286,"08131 Lori Point Apt. 753
Justinland, WA 41503",Y,miles
201,Brenda Merritt,828-89-7608,"5971 Carrie Meadow
New Aprilburgh, MN 40945",Y,hours
202,Jay Roberts,849-43-0208,"645 Berry Common
East Sarah, PR 60125",Y,miles
203,Stephen Brown,301-32-3040,"56751 Tommy Mission
South Steven, SC 34049",N,miles
204,Katherine Lucas,457-05-7209,"80255 Steven Extensions
East Nicoleton, LA 76986",N,miles
205,Courtney Armstrong,651-90-6905,"72469 Myers Field Suite 578
Solisburgh, OK 38966",Y,hours
206,Joseph Garza,877-06-7554,"402 Smith Ramp
Port Brian, PR 60178",N,miles
207,Karen Webb,103-16-1226,"Unit 3124 Box 0436
DPO AE 56660",N,miles
208,Troy Chavez,620-55-8867,"54349 Davis Stravenue
East Ronnie, NY 82157",N,miles
209,Kimberly Harding,385-34-0215,"770 Carr Wall Suite 625
West Elizabeth, RI 14012",N,miles
210,Ralph Walker,695-10-7097,"219 Peck Groves Apt. 723
Port Patrickshire, MT 43150",N,miles
211,Nicholas Hernandez,675-69-8796,"09796 Isabel Junctions Suite 635
Port Kimberlymouth, NV 36100",N,miles
212,Shelly Robinson,553-33-7087,"2016 Lisa Ramp
Brandyhaven, CO 65399",N,hours
213,Sean Porter,586-78-2381,"2643 Megan Square
Port Daniel, SC 90333",N,hours
214,Michael Ayers,739-52-6082,"705 Brianna Cliff
Taylorborough, WY 03262",N,hours
215,Patricia Santiago,082-28-0769,"576 George Highway Suite 766
Masseybury, IL 44808",N,hours
216,Johnny Peters,664-35-0135,"404 Delgado Pass Suite 437
Mcintyrehaven, FL 04260",N,hours
217,Emily Gibson,254-39-3264,"USNS Warner
FPO AE 51586",N,miles
218,Jennifer Perry,053-98-6707,"25024 Long Glens
South Michael, WY 23772",Y,hours
219,Linda Cooper,236-76-1866,"002 Tamara Freeway
South Robert, GU 79181",N,miles
220,Jason Cochran,203-21-0854,"56728 Downs Court
Susanton, AS 77312",N,hours
221,Jennifer Buckley,088-92-5052,"511 Coleman Curve Suite 415
Port Michael, CA 37522",N,miles
222,Lauren Figueroa,525-52-6659,"0055 April Points Apt. 183
Horneton, MH 89995",Y,miles
223,Michele Martin,381-42-8262,"338 Heath Ridge Apt. 827
North Marie, AS 90883",N,miles
224,Cory Wade,775-32-9130,"2814 Angela Well
South Ashleyside, CA 60096",Y,miles
225,David Bond,721-98-0715,"592 Howard Canyon
South Dennis, FM 88773",Y,hours
226,Wayne Olsen,340-65-1212,"37995 Vincent Park Apt. 298
Julieshire, OK 43392",Y,hours
227,Daniel Tran,197-18-3231,"34361 Kennedy Burgs
South Isabellabury, VA 87944",N,hours
228,Maria Mullins,676-18-7157,"890 Charles Curve Apt. 634
Wangborough, CA 18125",Y,hours
229,Kristine Bishop,818-22-2915,"0256 Daniel Port
Lake Kayla, MD 98508",N,hours
230,Kristin Ortiz,853-94-6434,"559 Cole Center
Lake Traceymouth, NY 29712",N,hours
231,Phillip Richards,729-35-0655,"859 Atkins Walks Suite 738
Scottstad, LA 55633",N,hours
232,Bonnie Sanders,865-28-8152,"21337 Ward Fork
New Josephburgh, IA 44008",Y,hours
233,Justin Mccall,637-44-2280,"4613 Peter Loaf Suite 360
Port Alisha, PA 15364",Y,miles
234,Angela Smith,352-10-5043,"654 Laurie Terrace Apt. 603
Michelleland, AR 68994",Y,miles
235,Robert Rasmussen,250-05-8859,"USCGC Cannon
FPO AP 36855",Y,hours
236,Crystal Hoffman,897-32-3280,"USNV Bailey
FPO AE 35096",Y,hours
237,Anthony Robinson,632-69-3648,"91474 Jones Ranch Suite 353
Lake Michael, IN 30121",Y,hours
238,Alicia Kirby,825-56-5864,"99066 Marsh Island
Curtisport, SD 91575",Y,hours
239,Mrs. Samantha Dunn,491-51-8345,"120 Shannon Falls Apt. 057
Jonesport, WA 62666",N,hours
240,Kelly Delgado,059-05-6841,"780 Brian Manors Apt. 218
Davischester, NE 70512",Y,miles
241,Sandra Phillips,731-45-4015,"3557 Nathan Extension
Rosehaven, MD 54434",Y,miles
242,Meredith Young,331-30-7714,"7222 Schneider Squares
Carolmouth, DC 96937",Y,miles
243,Adrian Sanchez,490-75-3928,"651 Espinoza Harbor
Manningland, MN 47522",N,miles
244,Steven Reed,457-71-4296,"0693 Suzanne Springs Apt. 239
North Robert, VT 83587",Y,miles
245,Mark Christensen,467-28-4248,"6168 Thomas Glens
Morrisonchester, VI 39279",N,miles
246,Ashley Miller,355-36-9254,"USCGC Berry
FPO AA 91703",N,miles
247,Lindsay Hendrix,893-56-9080,"658 Singh Manor Suite 257
North Annette, MN 29610",Y,hours
248,Mary Jackson,559-34-9741,"USNS Manning
FPO AA 58102",N,miles
249,Megan Mccarthy,288-29-3902,"224 Jessica Crest Suite 003
Patriciahaven, MN 83535",Y,hours
250,Sally Brady,455-17-7257,"192 Cortez Circle Suite 503
East John, MI 70262",N,miles
251,Carrie Lee,481-46-0967,"343 Rodriguez Causeway
East Matthewtown, KY 37778",Y,miles
252,Lisa Valdez,241-79-5345,"60096 Riddle Trail Suite 702
West Paul, MO 20468",N,hours
253,Danielle Arnold,520-79-7341,"06439 Ryan Circle Suite 322
Onealborough, AS 48012",N,hours
254,Miranda Ford,510-43-5160,"Unit 7393 Box 4567
DPO AP 19600",N,hours
255,Kristine Alvarez,569-31-9675,"3048 Kevin Field
North Teresashire, IL 74633",N,hours
256,Jennifer Fischer,181-54-6525,"8725 Moran Square Apt. 030
North Jordan, VT 84952",Y,miles
257,Charles Anderson,693-05-5785,"1363 Reyes Street Suite 203
Meyerland, WI 82016",N,miles
258,Nicole Gomez,029-26-4769,"44551 Figueroa Court
West Curtisside, MA 37166",Y,hours
259,Jennifer Lawrence,073-82-0675,"1388 Ryan Hills
West Matthewshire, HI 02331",N,hours
260,Bernard Estrada,311-38-6843,"2527 Jennings Mission Apt. 322
West Stephanie, NH 05752",Y,miles
261,Daniel Jordan,881-82-1156,"52119 Julie Mount
Donnaport, NH 15513",N,miles
262,Michael Barber,362-89-0098,"53989 Kristen Causeway Apt. 506
North Meghanfurt, MT 88378",N,hours
263,Patricia Martin,602-72-6947,"646 Davis Islands Suite 008
North Emilyburgh, PA 42667",Y,hours
264,Cassandra Harris,266-67-2724,"38525 Gina Curve
Briannamouth, SD 14762",N,hours
265,Kathleen Shepherd,039-72-0936,"8513 Stewart Port
New Jasonfurt, FM 12076",Y,hours
266,William Lara,308-56-9277,"Unit 7553 Box 1750
DPO AP 23777",N,miles
267,Sheri Pope,078-72-7016,"1079 Kevin Harbor Apt. 659
Downsside, VA 41361",N,hours
268,Daniel Santiago,263-91-5753,"8471 Anderson Stream Apt. 829
Phillipport, LA 45726",N,hours
269,Barbara Butler,127-79-4810,"6733 Douglas Plaza
South Richardton, KS 47013",N,miles
270,Traci Carr,341-85-4816,"USS Reese
FPO AE 78234",N,hours
271,Taylor Riley,308-14-7668,"PSC 8682, Box 8020
APO AE 16061",N,hours
272,Zachary Brown,190-64-3075,"23149 Harrington Landing Suite 199
North Veronica, NV 33438",Y,miles
273,Jill Mcdaniel,843-06-3720,"757 Jones Drive
Blackshire, WY 20124",Y,hours
274,Jordan Moss,174-68-7175,"190 Sierra Ways Suite 030
Gordonside, AZ 29258",Y,hours
275,Jeffrey Bruce,346-27-0229,"75851 Taylor Vista Apt. 971
Amyville, AS 43839",N,hours
276,Ethan Reid,469-11-4204,"PSC 3409, Box 0643
APO AE 79369",N,hours
277,Aaron Duran,497-50-0113,"6992 Smith Inlet
Jamesbury, AZ 01159",Y,miles
278,Diana Zuniga,668-74-1220,"2114 Crawford Crossing Suite 459
New Jenniferchester, PR 03575",N,miles
279,Lisa Sanchez,649-05-6903,"102 Samuel Parkway Suite 952
East Matthew, NH 43008",N,miles
280,Laura Diaz,505-56-3584,"50400 Teresa Circles
Bethmouth, NH 94752",N,hours
281,Dr. Austin French,061-86-8790,"18886 Rodriguez Isle Suite 068
South Marcusmouth, FM 54561",Y,hours
282,Sandy House,381-67-7810,"829 Timothy Mountains Suite 131
East Louis, OH 59113",N,hours
283,Cheryl Delgado,034-20-4697,"6716 Gray Oval
Williamsshire, OK 17165",N,hours
284,Linda Mcmahon,425-97-4982,"793 Joshua Shore Apt. 438
East Malik, CT 53341",N,hours
285,Justin Noble,277-69-9248,"456 Garrett View
New Joan, MH 12547",N,hours
286,Elizabeth Fields,672-73-5947,"63654 Tonya Alley Suite 740
Castillotown, TN 77687",Y,miles
287,Kelly Hammond,836-83-3153,"4275 Kevin Mall Apt. 281
Kathrynton, WA 66663",N,hours
288,Shelly Johnson,874-31-2179,"224 Rogers Brooks
East Denise, WA 55999",Y,hours
289,Keith Bishop,351-20-1506,"01202 Baldwin Vista
North Stephanieshire, ID 72048",Y,miles
290,David Lutz,698-23-3602,"26452 Gordon Road
Lauraborough, MI 05026",Y,hours
291,Paul Sanchez,452-88-7372,"PSC 4660, Box 3042
APO AE 03453",N,miles
292,Jacqueline Thompson,140-59-3097,"006 Wendy Trail
Larsenburgh, NY 92486",N,miles
293,Steven Garcia,682-71-7948,"3119 Mcbride Hollow Suite 929
Zacharystad, NV 10433",Y,hours
294,Robert Bullock,721-72-3420,"998 Joseph Freeway
Annbury, NH 93046",Y,hours
295,Jamie Barton,482-93-7019,"626 Harris Keys Suite 020
Port Dustinton, MS 78832",N,hours
296,Samuel Parks,144-41-9978,"72172 Sarah Brook
Lake Scotthaven, AZ 28569",Y,hours
297,Leslie Williams,565-07-2058,"93316 Craig Expressway Apt. 664
Port Amandafort, MT 01734",N,hours
298,Diana Simpson,442-69-7510,"PSC 4824, Box 1939
APO AA 65563",N,miles
299,Michael Mccoy,482-42-8043,"0947 Wilkerson Pike
Port Brandy, MN 80323",N,hours
300,Elizabeth Wilson,011-77-7413,"2683 Bryant Centers Suite 955
East Joshua, CA 69197",N,miles
301,Laurie Dickson,626-27-6468,"137 Owens Fall
Munozton, OH 67265",Y,miles
302,Carolyn Erickson,765-43-6568,"721 Long Haven Suite 475
North Franklin, OR 27381",Y,hours
303,Steve Hicks,278-84-3185,"Unit 8033 Box 6704
DPO AP 96938",Y,hours
304,John Simmons,254-13-4624,"02926 Mendoza Neck
East Marcus, KS 62880",N,miles
305,Sarah Ortiz,030-90-4946,"115 Mckenzie Ports Apt. 034
Watsonburgh, AZ 52262",N,hours
306,Jay Lewis,051-71-3555,"PSC 5149, Box 1319
APO AP 17535",Y,miles
307,Gregg Sherman,347-43-7021,"56935 Amy Shoals
Chasetown, PA 57141",N,hours
308,Kendra Flores,106-56-4293,"5543 Johnson Falls Suite 530
Marquezhaven, MA 56106",N,miles
309,Julie Ingram,206-32-6600,"02495 Mark Green Apt. 995
North Christopher, IA 47880",N,hours
310,Becky Mays,098-51-2323,"102 Banks Crescent
Castroland, CA 92603",Y,miles
311,Robert Cabrera,559-82-1459,"0438 Nathan Ville
Cookbury, AZ 93075",Y,miles
312,Derek Turner,452-70-5343,"34679 Robert Roads Suite 296
South Thomasburgh, PA 42886",Y,hours
313,Allen Fuentes,571-06-0404,"7584 Fowler Hollow Suite 308
Port Timothy, PA 95462",Y,miles
314,Kathy Gallagher,484-91-9607,"4410 West Views Suite 920
Christopherfurt, NY 16511",N,miles
315,Jerry Ball,651-71-5308,"PSC 2833, Box 6255
APO AP 65500",N,miles
316,Warren Coleman,391-60-9416,"23379 Javier Expressway
Millerberg, AR 28029",Y,hours
317,Robert Martinez,488-40-1433,"422 Amanda Lights
Smithburgh, FL 87777",N,miles
318,Laura Serrano,481-55-7908,"PSC 4092, Box 2189
APO AE 68296",N,miles
319,Beth Zhang,063-06-5839,"1658 Woodard Wall Suite 957
Melissaport, MP 62113",Y,miles
320,Christina Adams,175-37-4109,"63956 Newton Throughway
Kimshire, IA 61515",Y,hours
321,Hannah Mccullough,175-86-9878,"4430 Cody Loaf Apt. 497
Janicemouth, WA 38613",Y,miles
322,Joshua Stephens,563-28-8591,"536 Taylor Knolls
Andreastad, OR 61356",Y,miles
323,Henry Young,388-54-4838,"1129 Stevens Summit
West Michael, RI 67751",N,miles
324,Debra White,762-47-9261,"63858 Jeffery Views
East Dana, OK 13709",Y,miles
325,Jeanette Howell,817-02-4405,"0469 Joseph Bridge Apt. 028
Foleyhaven, KY 21190",N,miles
326,Shawn Carter,510-16-4056,"1455 Hill Station
North Stacey, AL 86728",Y,miles
327,James Stevens,288-47-8633,"339 Beasley Turnpike
South Curtis, IN 47072",N,hours
328,Sheryl Doyle,234-24-6980,"00905 Jimmy Gardens Apt. 171
South Patriciaville, DC 22175",N,hours
329,Keith Alexander,019-57-1675,"69129 Gordon Plain Suite 441
Derrickside, GA 93574",N,miles
330,Susan Sanders,523-51-1012,"45920 Rodriguez Estates Suite 982
West Micheal, SD 47129",N,hours
331,John Dorsey,592-13-1502,"0065 Kelly Forges Apt. 013
Alantown, FL 55362",N,miles
332,Meredith Webb,102-33-3547,"10645 Brenda Manors Suite 872
Dianatown, ID 97301",N,miles
333,Dr. Grant Smith,165-74-0841,"USS Pratt
FPO AE 16286",Y,miles
334,Kimberly Monroe,493-77-7292,"74527 Anthony Islands
Lake Benjamin, IL 49432",N,miles
335,Ms. Mary Rivera,860-46-0145,"968 Heath Overpass Suite 992
Rojasville, KS 24972",Y,miles
336,Connor Hinton,343-13-4724,"19370 Mccullough Mountains
Hawkinsport, ME 51210",N,hours
337,Anthony Hancock,187-43-2863,"418 Lucero River Apt. 634
New Jeffreyhaven, LA 58371",Y,hours
338,Christopher Smith,507-19-4375,"61162 Freeman Field
Riversberg, AK 46360",N,miles
339,Jennifer Johnson,226-92-6196,"2892 Hall Cliffs
Davidbury, MA 10514",Y,hours
340,Angela Bennett,431-56-1360,"PSC 7237, Box 3646
APO AE 71696",N,miles
341,Jeremy Ramsey,238-84-9306,"622 Jennifer Square
East Danielfort, ID 76629",Y,miles
342,Gregory Powell,364-84-4502,"29676 Diamond Rest
Port Dominiquebury, ND 20201",Y,miles
343,Diane Jackson,214-36-2286,"973 Jones Roads Apt. 314
South Taylorburgh, GA 02652",N,hours
344,Anthony Castillo,543-98-7802,"68812 Rice Brooks
Jocelynview, MP 99865",Y,miles
345,Jay Rosales,632-66-7961,"USNS Ryan
FPO AP 17350",Y,hours
346,Yvonne Dennis,216-55-1369,"36463 Ebony Field Suite 341
Brownbury, IA 84955",Y,hours
347,Donald James,804-26-6252,"22728 Jones Road Suite 265
Zacharyland, DC 43408",N,hours
348,Alejandro Mullins,437-28-3694,"USNV Taylor
FPO AA 44513",Y,hours
349,Tracey Walker,435-19-8083,"675 Cisneros Point Suite 143
Erikchester, NC 32894",Y,hours
350,Courtney Young,839-01-6609,"623 Cristian Fall
Rossland, KS 80241",Y,hours
351,Frank Davis,307-32-9281,"530 Arroyo Avenue Apt. 530
Lake Sarahville, TX 61542",Y,miles
352,Austin Barron,887-55-3637,"745 Clark Harbors Suite 169
West Steven, GU 21790",N,hours
353,Dr. Jessica Frost,157-37-0760,"793 John Corners
East Sarah, OK 14919",Y,hours
354,Alex Proctor,358-99-2632,"875 Stephanie Trail
Kinghaven, MP 65205",N,miles
355,Colleen Stephens,207-65-0505,"539 Morris Burg
West Amy, MP 75836",Y,hours
356,Scott George,845-11-9724,"USCGC Gonzales
FPO AA 23155",Y,miles
357,Susan Mooney,657-66-0375,"72667 Miller Creek
Lake Craig, NM 18116",N,miles
358,Jason Lee,172-30-4421,"8665 Ronald Gateway
West Caseyside, OR 51677",Y,miles
359,Curtis Bishop,551-23-6253,"979 Steven Drive
Lopezborough, MD 15596",Y,hours
360,Riley Fowler,168-23-2804,"PSC 9283, Box 2752
APO AE 33439",N,hours
361,Eric Tran,418-16-7065,"5210 Hester Shores
East Dennis, MI 98294",N,miles
362,Jennifer Rivera,351-57-0479,"3188 Costa Rapids
Port Sydneyview, WV 72741",Y,hours
363,Patrick Estrada,854-38-8557,"898 Curtis Loop
Ibarrashire, NH 57634",Y,miles
364,Harold Kaiser,313-43-8520,"19935 Dean Extensions
Seanville, WA 87928",N,miles
365,Erika Blevins,358-10-3816,"616 Terri Mews Apt. 352
Kristenburgh, PA 43119",N,miles
366,Michael Reyes,671-75-0715,"1024 Robert Avenue
Markfort, MD 74373",N,hours
367,Luis Howard,677-89-4893,"Unit 3490 Box 2468
DPO AE 27707",Y,hours
368,Susan Bullock,264-37-5692,"1007 Ronald Square Suite 513
Clarkbury, WI 79246",N,miles
369,William Robinson,737-75-9763,"PSC 4567, Box 5277
APO AE 45163",N,hours
370,Donna Sullivan,702-83-7876,"4787 Gary Mall Suite 987
Amandabury, ID 82558",N,miles
371,Erica Warren,442-19-0232,"67928 Chen Summit
Vangchester, OH 31200",N,hours
372,Dr. Adam Schroeder,244-56-2885,"0501 Mathews Burg
South Danielleton, MN 65218",Y,miles
373,Kimberly Parker,074-37-3537,"943 Mark Lock Suite 458
Mccormickstad, VI 41408",Y,miles
374,Jacqueline Collins,303-09-2014,"175 Walters Ports Apt. 661
Port Kayla, ID 94372",N,hours
375,Tina Stone,601-31-5528,"66026 Simmons Point
South Tiffany, CA 99843",N,hours
376,Lisa Cook,250-12-0894,"USS Baker
FPO AA 04340",N,hours
377,Heather Erickson,244-98-2450,"746 Angela Bypass
Guzmanbury, MD 45095",Y,hours
378,Craig Freeman,229-94-2105,"USNS Banks
FPO AA 94764",N,miles
379,Melody Alexander,778-97-1972,"97511 Mark Track Suite 675
Port Stevenchester, MH 27500",Y,miles
380,Marie Wiggins,036-90-2587,"8668 Hawkins Bridge
East Nicoleland, DC 17336",N,hours
381,Cindy Gonzalez,198-06-5402,"8893 Larson Meadows
New Carol, MD 31630",N,hours
382,Zachary Smith,260-45-8390,"73165 Steven Roads Suite 020
Lake Kayla, VT 76123",Y,hours
383,Courtney Jensen,761-31-1639,"4298 Edward Spurs Suite 900
Sanchezport, FL 54253",N,miles
384,Anthony Frost,427-78-5186,"6079 Joanna Common
Port Justin, TN 14991",Y,hours
385,Michelle Parker,443-27-2031,"2918 Teresa Camp
Lake Francisstad, WV 87645",Y,hours
386,Blake Rivera,358-88-4072,"3599 Chase Point
Kentmouth, NJ 78493",N,miles
387,Martha Rich,851-12-2714,"028 Kim Flats Apt. 236
West Shawn, PW 30504",Y,miles
388,Jason Johnson,735-82-3909,"25787 Bailey Corner
Nicolefort, DE 94966",Y,miles
389,Cynthia Lambert,009-16-5773,"581 Melissa Falls Apt. 314
Cindyview, PA 53106",Y,hours
390,James Austin,870-49-3830,"18019 Michelle Coves Apt. 360
Lake Williamberg, DE 87128",Y,hours
391,Brett Owens DVM,127-24-9692,"82887 Carpenter Spurs Apt. 602
Lake Andre, CA 20269",Y,hours
392,Eric Hensley,571-53-0526,"454 Lam Prairie Apt. 922
Lake Ericshire, OR 08875",Y,hours
393,Margaret Nichols,324-64-9820,"2438 Johnson Freeway
Santiagofort, TX 45504",N,miles
394,Jason Downs,501-79-2974,"07105 Franklin Flats Suite 630
Port Alejandro, CO 27333",Y,hours
395,Mark Moore,214-92-5872,"7817 David Wall
Evansbury, MT 43825",N,miles
396,Tamara Meyer,282-63-2384,"22984 Tiffany Crescent Suite 040
West Danielhaven, MI 51281",N,miles
397,Tommy Floyd,216-33-2934,"925 Willis Pike
Michaelfurt, AK 64149",Y,hours
398,Vanessa Smith,750-80-7341,"9306 Bianca Crossroad Apt. 422
Barkerfort, NM 34497",N,miles
399,Christopher Sanchez,670-37-5283,"93359 Matthew Coves
New Madison, CT 44899",N,hours
400,Kathleen Miller,307-52-2544,"44609 Michael Branch Suite 959
Port Heather, WI 28309",Y,hours
401,Robert Strickland,610-69-6960,"USNS Lucas
FPO AE 56552",Y,miles
402,Leah Davis,498-53-9230,"2223 Tucker Ridge Suite 303
North Jacob, MH 21653",Y,hours
403,Richard Cannon,125-69-4939,"89737 Paul Dam Suite 844
Carlsontown, WA 14744",N,miles
404,Kelly Phillips,322-54-1588,"66327 Mclaughlin Branch
West Michaelborough, PW 63501",N,hours
405,Jason Doyle,630-36-7140,"977 Emma Lights Apt. 851
North Samantha, MI 19585",Y,hours
406,Mike Johnson,741-44-4433,"55403 Victor Island
East Brianna, FL 63201",N,hours
407,Hannah Garcia,173-03-9660,"8198 French Terrace
East Rachel, TN 56674",Y,miles
408,Alexandria Johnson,068-38-4617,"9959 Clements Parkway
East Melissafurt, IL 52812",N,miles
409,James Best Jr.,013-56-8878,"Unit 2801 Box 8111
DPO AE 03364",N,hours
410,Mike Johnson,740-20-4007,"USCGC Smith
FPO AA 06287",Y,miles
411,Miss Tammy Mcdonald MD,076-92-3199,"54484 Jennifer Views Suite 818
Port Roberttown, HI 07495",N,miles
412,Lucas Dickson,210-64-0048,"9613 Anthony Key
Grahamside, MI 57768",Y,hours
413,Jean Allen,038-71-0745,"1592 Justin Mission
West William, CT 55929",Y,miles
414,Melanie Sanchez,061-10-5443,"988 Williams Road Apt. 997
Annetteberg, UT 31068",Y,miles
415,Shelby Irwin,539-62-1272,"0738 Nicholas Plaza Apt. 572
Clarkside, MI 21408",Y,hours
416,William Garcia,438-18-9376,"USS Fitzgerald
FPO AE 22192",Y,miles
417,John Silva,549-48-9713,"693 Arroyo Walk Apt. 916
West Christineland, OR 49078",N,miles
418,Deborah Bell,830-88-0645,"41166 Timothy Passage Suite 315
Catherinefort, FM 78613",N,miles
419,Kenneth Daniels,090-93-5047,"654 Jeremy Alley Apt. 654
South Danielberg, AL 32468",Y,hours
420,Rachel Green,215-83-8086,"78943 William Greens Apt. 331
Katieburgh, ND 61692",N,hours
421,Kenneth Diaz,365-87-4716,"74006 Weaver Lights Apt. 297
Sandraport, DC 73480",N,hours
422,Francisco Bowman,016-02-8824,"9963 Lambert Plain
Tuckerville, PA 04136",Y,miles
423,Angela Mccarthy,442-23-4324,"5096 Fox Square Suite 912
Michaelmouth, OH 21426",Y,miles
424,Charles Flowers,220-21-5104,"9610 Wood Pass
Coopertown, OR 79762",Y,miles
425,Dale Ball,803-89-0138,"25661 Armstrong Prairie Suite 806
Port Matthew, AK 54908",N,hours
426,Michael Delacruz,712-44-8704,"66398 Mercado Valley
Lisafurt, DE 01232",N,hours
427,Nancy Watson,287-04-4425,"805 Brian Extension Suite 493
Weaverburgh, GA 23536",N,hours
428,Lonnie Obrien,780-69-8442,"929 Wesley Squares Suite 524
Carlosmouth, PA 08706",Y,miles
429,Timothy Graham MD,560-93-2018,"6637 Erica Ramp
Jonesberg, KY 39743",Y,miles
430,Darryl Webster,882-33-8214,"330 Jones Stream Suite 868
West Allen, OR 09047",Y,miles
431,Tanya Parker,899-77-8213,"7524 Nguyen Route
Port Rachelmouth, TX 75192",N,hours
432,Dr. Valerie Holmes MD,831-47-2699,"41825 Buchanan Lights Apt. 176
South Brianna, WA 98456",N,miles
433,Eric Harrington,107-64-2068,"2845 Donald Hill Apt. 231
New Victoriashire, PW 82470",Y,hours
434,Daniel Owens Jr.,785-14-5424,"502 Schaefer Lights Apt. 788
Ericview, OR 08085",N,hours
435,Jason Newman,479-91-3703,"PSC 9595, Box 7629
APO AA 37645",Y,miles
436,Scott Thompson,001-16-9111,"4728 Edwards Mountains
Aguilarhaven, AR 88578",Y,miles
437,Matthew Bishop,083-64-6904,"3998 Butler Lakes
Port Stephanie, NH 98872",N,hours
438,Michael Robinson,437-85-5027,"75825 Lopez Dam
Andrademouth, NM 80197",N,miles
439,Andrew Rodgers,866-94-1691,"15724 Frazier Alley Suite 028
Thompsonborough, MT 74282",Y,hours
440,Jennifer Wilkinson,333-46-0850,"61170 Barbara Summit Apt. 064
Susanside, ME 94822",N,hours
441,Pamela Le,404-04-2391,"942 Baker Trace
South Rebeccatown, NV 89731",N,miles
442,Amy Tanner,730-35-6165,"4700 Matthew Rapids Suite 603
Port Kristina, SD 08387",Y,hours
443,Jason Barrett,665-90-0932,"642 Watson Cape
Port Ashleymouth, FL 33586",N,miles
444,Kimberly Marshall,325-47-4438,"22234 Nichole Terrace Apt. 283
East Alexiston, WY 23459",N,miles
445,William Wolfe,331-13-0632,"51686 Tricia Gateway
Nicoleberg, CA 04644",N,hours
446,Janet Brewer,830-31-8832,"8563 Leblanc Inlet Suite 530
Devinmouth, MH 97955",N,miles
447,Caitlyn Calhoun,854-92-9529,"06553 Roberts Parks Suite 106
North Anthonytown, OH 21072",N,hours
448,Mark Maxwell,214-28-1870,"4139 Evans Pike
New Elizabethmouth, AS 99419",N,hours
449,Jason Patterson,633-11-2326,"939 Christopher Gateway Apt. 129
New Jamesfort, VA 94854",N,miles
450,Rodney Delgado,269-78-3433,"2659 Chris Villages Apt. 201
Warrenchester, PA 82193",Y,hours
451,Natalie Hunt,112-50-7924,"69902 Nguyen Overpass Apt. 718
Port Matthewhaven, MT 93970",N,miles
452,Monica Turner,557-24-0799,"743 Gray Drive Suite 679
Reedtown, PA 21675",Y,miles
453,Kathleen Morton,245-95-0972,"1945 Gary Brooks
Rodneymouth, FL 15107",N,hours
454,Laurie Johnson,404-84-5930,"85552 Zachary Cove Suite 353
West Faith, ME 14441",Y,miles
455,Erin Bradley,645-01-1623,"46124 Jennifer Ridges Suite 155
New Kevin, WY 20850",N,miles
456,Joseph Lester,098-29-8179,"6892 Graham Causeway
Morrisshire, ND 12986",N,miles
457,Roy Coleman,726-52-3197,"6063 Morrow Mills Apt. 112
Gilbertville, OR 24781",Y,hours
458,Nicholas Mendoza,710-03-5182,"Unit 5890 Box 6845
DPO AA 59683",N,hours
459,Patricia Jensen,070-99-9308,"93170 Doyle Canyon Apt. 315
South Michael, ID 19346",N,miles
460,Dawn Garcia,559-17-4052,"38301 Hernandez Center Apt. 934
Isabellafort, MS 56161",N,hours
461,Rebecca Adams,172-76-8096,"193 Stephanie Camp Suite 266
Lake Sandrastad, WA 67049",Y,miles
462,Erika Park,318-57-2642,"87038 Stephen Orchard Suite 783
Elizabethshire, LA 53411",Y,miles
463,Steven Parker,143-40-9782,"292 Daniel Prairie
Johnfurt, AS 88158",N,miles
464,Christopher Patel,399-35-1505,"66372 Watts Ports Suite 775
Hardingport, MO 30218",N,hours
465,Mary Hansen,516-15-4530,"09050 Andre Overpass Suite 508
Port Christian, CO 52063",N,hours
466,Casey Jones,077-97-8540,"7808 Hopkins Ville Apt. 223
Janetside, ID 76421",Y,miles
467,Robert Ramirez PhD,824-11-7634,"863 Jose Well Apt. 770
West Ricky, MO 72829",Y,miles
468,Stephanie Leach,073-93-0208,"7685 Anderson View
Timothyhaven, UT 03685",N,hours
469,Mark Curry,270-79-6575,"83111 Phillips Landing
Alecfort, GA 73487",Y,miles
470,Susan Reese,301-90-8423,"350 Thomas Locks
Brooksland, AR 67786",Y,miles
471,Dr. Jose Grimes,090-51-1299,"PSC 5349, Box 2649
APO AA 95820",N,hours
472,Colin Henry,528-72-6452,"521 Torres Route
Michaelhaven, PA 23983",Y,miles
473,Christopher Mason,723-22-5603,"213 Samantha Turnpike
New Lisa, MT 67609",Y,miles
474,Vernon Rogers,398-84-3030,"298 Jaclyn Street
Port Michelleside, CO 58275",Y,miles
475,Daniel Peck,338-88-8845,"8028 Kelly Inlet
Lake Elizabeth, MD 82562",Y,hours
476,Thomas Palmer,411-35-0804,"51410 Miller Pass Suite 877
Garcialand, FL 40628",Y,hours
477,Joann Turner,836-26-2800,"140 Roth Spring Suite 911
North Andrew, FL 22497",N,hours
478,Mark Wright,711-37-2717,"8373 Alyssa Harbor
New Rachelmouth, PW 26421",Y,hours
479,Heather Douglas,316-02-5730,"927 Timothy Lodge Apt. 043
Port Colleen, CA 63316",Y,hours
480,Benjamin Bailey,464-29-9380,"78741 Alexander Row Suite 892
Morristown, NJ 21047",N,miles
481,Tiffany Henry,595-97-9903,"18683 Wilson Ports
Antonioview, OK 84749",Y,miles
482,Kevin Martinez,435-66-2394,"4472 Raymond Mews
South Lisa, VI 32513",N,miles
483,Melissa Barrett,384-21-1306,"2776 Joe Bridge Suite 122
New Caleb, PW 20860",Y,hours
484,Rickey Sherman,207-63-4308,"34820 Klein Freeway
Edwardview, MH 41962",N,hours
485,Stacey James,491-80-6732,"7068 Pamela Locks Apt. 411
Kimberlymouth, KY 35275",N,miles
486,Krystal Simon,785-06-7260,"53650 Thomas Shoals Suite 107
Marybury, MH 67105",N,miles
487,Caroline Massey,766-72-6011,"135 Samuel Hills Suite 427
Cruzchester, DE 55017",N,hours
488,Ricky Kelly,500-96-6715,"5026 Dalton Keys Apt. 055
West Danielbury, GA 15286",Y,miles
489,Nancy Mcdonald,189-47-3858,"525 Anderson Springs Apt. 826
Paulaside, FM 92044",N,hours
490,Kenneth Dickerson,067-93-2863,"0868 Sydney Landing
Port Carolshire, DC 95786",Y,miles
491,Paul Sanchez,840-95-3614,"48538 Jonathan Circles
Greggmouth, PA 70840",N,miles
492,Tommy Knapp,098-11-0652,"84156 Paul Crossing Suite 665
North Pennychester, NY 31758",Y,hours
493,Tina Medina,332-63-7651,"109 Christopher Pine
Lake Nancyport, OK 72227",Y,hours
494,Jerry Adams DDS,516-46-8471,"5418 Erin Coves
South Meagan, TN 23171",N,hours
495,Leah Rosales,463-10-9924,"963 Turner Highway
North Ericview, GA 13942",Y,hours
496,Matthew White,668-69-1096,"7307 Ruth Glens Suite 981
Port Traci, NH 78733",N,miles
497,Michele Juarez,672-09-7305,"769 Aguilar Dale Apt. 476
Carlybury, NM 78078",Y,miles
498,Nancy Williams,070-02-4001,"64878 Williams Manor Apt. 696
Johnsonview, OK 67570",Y,miles
499,Mary Benjamin,728-42-4189,"3437 Macias Inlet
Sandersbury, SC 30860",Y,hours
500,Kelly Jones,232-99-1340,"8292 Richard Hill Suite 011
South Susanland, LA 66622",N,miles
501,Jason Ryan,540-98-6980,"912 Baker Curve Apt. 919
Port Kristinefort, VI 72388",N,hours
502,Larry Boone,801-87-2910,"PSC 1921, Box 6410
APO AA 36911",N,hours
503,Daniel Gonzales,635-35-9841,"975 Daniel Haven Apt. 082
Jessefurt, UT 95060",N,miles
504,Ashley Harris,320-97-6492,"817 Lopez Port
Lopezmouth, PR 32322",N,miles
505,Gabrielle Evans,179-10-0351,"537 Trevino Plaza
Browntown, RI 59886",Y,hours
506,Laura Ponce,228-97-6884,"84478 Allen Shoal
East Kevinville, AS 25009",N,miles
507,Victor Cook,134-29-0839,"26325 Sylvia Fort Apt. 441
South Richardport, FL 69189",N,hours
508,Megan Campos,336-73-3878,"7355 Dylan Fords Apt. 705
Lake Warrenshire, NY 20229",Y,hours
509,Michael Stewart,262-25-3809,"007 Brianna Estate
New Dana, IA 13081",Y,hours
510,Jennifer Miller,120-48-8172,"73748 Rebekah Inlet Apt. 570
Colleenside, MH 92748",Y,miles
511,Sophia Richardson,190-31-4787,"22324 Eileen Centers Suite 463
Williamsstad, OR 31140",Y,hours
512,Mariah Krueger DDS,064-87-8091,"06112 Ian Mountains Suite 284
Shaneberg, MA 21859",Y,miles
513,Jared Garcia,632-20-8593,"7807 Rebecca Place
New Marcusmouth, OH 83109",N,hours
514,Christopher Moore,868-63-2388,"356 Wright Motorway Suite 045
North Matthew, OK 62486",N,miles
515,Jason Mercado,383-04-0327,"07939 Haley Ville
Marquezshire, NY 63893",Y,hours
516,Justin Jimenez,216-73-5238,"861 Tammy Flat Suite 853
South Mark, MI 76412",N,miles
517,Mindy Haley,069-99-0619,"478 Jason Brooks Apt. 634
East Dianamouth, WY 42256",N,miles
518,Belinda Cook,886-21-1870,"89536 Ashley Rue
Theresastad, WA 21206",Y,hours
519,Katherine Adams,076-08-5717,"213 Zachary Summit Suite 319
Port Alexandria, NY 42710",Y,miles
520,Bobby Herring,703-49-8295,"33594 Patrick Extension Suite 974
Lowemouth, MS 04707",Y,hours
521,Michael Nichols,022-30-8664,"63408 Mendoza Drives Apt. 877
New Dustin, NC 91595",N,hours
522,Alexandria Rivera,635-03-5169,"185 Williams Tunnel Suite 038
Port Jesse, KS 92566",N,miles
523,Charles Ashley,764-24-8403,"57143 Matthew Brooks
Port Garrettton, ME 71953",N,hours
524,Jesse Herrera,681-53-5313,"947 Curtis Islands
Madelinehaven, HI 63846",N,hours
525,Julie Maxwell,523-77-0948,"5153 Denise Camp Suite 550
Terrimouth, HI 78156",Y,miles
526,Frederick Hernandez,485-17-2624,"5145 Pennington Branch
North Brittany, AS 07366",N,miles
527,Michele Johnson,400-12-0169,"86823 Heather Gateway
North Marie, CT 80576",N,miles
528,Nathan Gutierrez,616-37-6167,"5749 Amber Walks Suite 523
Gordonburgh, IN 15809",N,hours
529,Alyssa Mcdonald,168-50-8778,"91054 Lynn Village
Millermouth, MA 09199",Y,miles
530,Juan Schmidt,211-76-2342,"4866 Davis Stream Apt. 257
Port Blake, OH 16607",Y,miles
531,Thomas Williams,356-91-6931,"USCGC Davis
FPO AP 86879",N,miles
532,Jeffrey Harper,242-52-1425,"6121 Johnson Land Suite 828
New Candacebury, AL 06288",Y,hours
533,Teresa Holland,467-25-3664,"9139 Mary Villages Suite 457
New Johnport, WY 40158",N,hours
534,Ariana Smith,698-26-2578,"73288 Francis Mall Suite 121
Bakerborough, TN 41383",N,miles
535,Jeff Gray,623-34-6223,"88404 Smith Center Apt. 410
North Heatherside, ID 69065",N,miles
536,Cheryl Burke,332-99-3436,"287 Patrick Wall Apt. 876
Lake Taylor, CO 71889",Y,hours
537,Kevin Sanchez,819-54-1893,"640 Gloria Walks
Lake Victor, UT 55346",N,miles
538,John Maldonado,417-32-1455,"422 Jessica Glen
Jenniferbury, WV 90011",Y,miles
539,Rachel Smith,570-39-9460,"03642 Matthews Stravenue Apt. 803
Ashleyfurt, TN 89908",Y,hours
540,Melissa Myers,585-58-1515,"243 Mckenzie Way Suite 875
Smithport, MH 92246",Y,hours
541,Cole Kerr,443-22-4576,"523 Dean Mission Apt. 018
South Matthewfort, TX 14790",N,miles
542,Victoria Robinson,723-54-9228,"5365 Pierce Brooks Suite 451
Hancockchester, NM 26416",Y,hours
543,Lisa Torres,552-41-0670,"69377 Barry Villages
Schmidtland, GA 66027",Y,hours
544,Hector Bishop,489-63-6566,"95949 Bradley Well Apt. 149
West Kim, WA 27405",Y,miles
545,Katherine Herrera,146-45-8869,"6440 Sanford Light Suite 807
Atkinsonside, AS 37790",N,miles
546,Brett Mccoy,725-72-5162,"50298 Nguyen Knolls Suite 215
South Seth, AS 20852",Y,hours
547,Laura Watson,751-13-9283,"3002 Bryan Turnpike
North Juliahaven, MT 63045",N,hours
548,Michelle Nelson,012-47-3887,"04142 Anderson Mountains Apt. 670
Port Denise, WV 16429",Y,miles
549,Thomas Williams,449-05-4519,"93500 Jenkins Terrace Suite 321
Port Amyville, KY 06120",Y,miles
550,William Robinson,158-39-6666,"221 James Spur Suite 106
Candiceville, CA 57663",N,hours
551,Christine Smith,522-50-5188,"9395 Wolf Trail
Samanthaland, RI 51360",Y,miles
552,Mr. Benjamin Walker,258-15-5542,"85987 Richard Stream Suite 066
Daymouth, WV 57817",Y,hours
553,Mr. Nicholas Lee PhD,493-18-8541,"3605 Michael Summit Apt. 142
Nicolemouth, NV 02608",Y,miles
554,Nancy Watkins,799-84-2625,"PSC 8924, Box 0031
APO AP 14371",Y,miles
555,Christina Miller,385-72-9118,"2163 Kim Fords Apt. 794
Henrystad, LA 71696",Y,hours
556,Luis Green,270-55-6575,"4391 Ramos Springs Suite 410
Port Christopher, PA 95956",N,hours
557,Jeffrey Johnson,549-22-5410,"3811 Maria Shoals
East Melody, AR 97818",N,miles
558,Mrs. Carolyn Gutierrez,500-29-8086,"28273 Benjamin Expressway
Duncanland, NM 71936",Y,miles
559,Amber King,545-01-4135,"3533 Taylor Fields
Heatherchester, HI 08716",Y,hours
560,Christopher Simon,080-36-6492,"616 Perez Glens Apt. 681
Laurachester, VA 22322",Y,miles
561,Lisa Taylor,872-01-6267,"87647 Jillian Brooks
Norrisburgh, MN 34407",Y,hours
562,Roberta Guzman,099-93-4596,"05560 Judy Fords
Beanhaven, NY 17345",N,hours
563,Walter Marshall,444-77-6135,"01125 Erin Creek
Audreyton, DC 01303",Y,hours
564,David Nelson,077-92-6095,"Unit 2626 Box 3397
DPO AA 02371",N,hours
565,Nicholas Cochran,168-57-6312,"189 Bryan Crescent Suite 526
New Shane, NY 83327",Y,hours
566,Michael Poole,506-89-5340,"83858 Cruz Landing
New John, NY 96198",Y,miles
567,Derek Perkins,437-22-5739,"Unit 9784 Box 7138
DPO AA 72499",N,miles
568,Karen Rivera,622-54-5260,"1950 Hall Stream
Stacyville, TN 97631",Y,hours
569,Wanda Reid,730-10-7720,"1591 Grant Stravenue
New Sara, VA 30106",Y,miles
570,Matthew Bell,676-53-7162,"4379 Zavala Parkways Suite 194
Annetteland, MA 83959",N,hours
571,Erin Russell,235-14-1626,"USS Gutierrez
FPO AE 52292",Y,miles
572,Daniel Smith,369-37-9890,"185 Benjamin Meadows
Port Richard, KS 51731",Y,hours
573,George Farley,076-61-0540,"84776 William Plain Apt. 586
New Karenshire, TN 80406",Y,miles
574,Janice Hancock,021-34-7934,"3499 Jackson Shoal Apt. 498
Port Nathan, NC 40470",N,hours
575,Jamie Hernandez,887-72-5205,"3066 Garcia Drives
South Kellyberg, NY 04419",N,miles
576,Lauren Mcclure,115-24-9554,"7696 Paige Corner Apt. 362
New David, MA 83827",N,miles
577,Gabriela Smith,001-86-4627,"92710 Payne Terrace Apt. 941
Shannonview, NM 22670",Y,hours
578,Christopher Mason,519-30-4186,"208 Walter Row Apt. 526
New Courtney, DE 77584",N,miles
579,Jon Oneal,308-31-5572,"0080 Samantha Common
Hickmanburgh, DC 64197",Y,miles
580,Kenneth Richards,059-89-4338,"Unit 2214 Box 1976
DPO AP 84007",N,miles
581,Joseph Olson,018-80-2698,"0144 Ramirez Ports
North Janet, DE 59777",Y,hours
582,John Henderson,223-14-1211,"668 Adam Bridge
West Paul, CO 75525",N,miles
583,Lisa Moreno,724-07-2545,"73646 Anthony Extensions Apt. 972
Porterchester, PR 14261",N,hours
584,Alisha Nelson,534-01-9204,"7250 Christopher Drive Suite 388
Michaeltown, NY 44378",Y,hours
585,Stephanie Thomas,009-86-6985,"59808 Bridges Bypass Suite 755
Davidside, WV 20335",N,hours
586,Michelle King,758-72-3267,"9884 Nelson Viaduct
Robinsonland, MP 12000",Y,miles
587,Adam Reeves,272-10-2500,"6297 Phelps Land Suite 137
Port Catherine, ID 73833",Y,miles
588,Michael Mills,420-75-5891,"683 Shannon Avenue
North Michelle, NJ 72363",N,hours
589,Thomas Hernandez,246-08-5511,"341 Brown Meadows
Lake William, WI 74143",N,hours
590,Lisa Ramos,398-91-7219,"Unit 0483 Box 5610
DPO AP 73082",Y,hours
591,Kimberly Harris,594-34-9236,"16643 Tommy Lock Apt. 064
New Dawnburgh, NV 90405",N,miles
592,Monica Russell,688-53-1417,"69380 Karen Station
South Laurachester, NJ 24203",Y,miles
593,Daniel Edwards,501-22-4691,"9389 Michele Light Apt. 660
North Dennis, NM 46183",Y,hours
594,Richard Nelson,019-55-4636,"01484 Kathleen Cliffs Apt. 688
East Michelle, WV 36140",N,hours
595,Anthony Williams,344-91-4027,"7927 Marcus Ferry
Janicefurt, TX 35444",N,hours
596,Christina Jackson,294-30-5500,"25117 Breanna Grove Apt. 737
West Brandi, OR 37927",N,miles
597,Kevin Fleming,157-96-9105,"687 Darrell Alley
East Jose, NY 42570",N,miles
598,Donald White,219-12-7519,"0237 Michael Fields Apt. 121
Jennifermouth, CO 99023",N,miles
599,Jennifer Baker,521-30-1130,"57454 Harris Bridge
West Matthewton, NV 48269",N,miles
600,Ryan Skinner,828-19-8828,"011 Christopher Mountain Apt. 449
West Thomas, NM 78512",Y,miles
601,Stephen Robinson,502-26-0839,"739 Fuller Flat
East Caleb, NH 74848",Y,hours
602,Cynthia Hernandez,773-39-3265,"PSC 2625, Box 9844
APO AE 60302",Y,hours
603,Stacy Powers,644-47-7668,"3421 Joseph Plain
North Tammieberg, PR 08973",Y,hours
604,Alex Johnson,026-14-1090,"6690 Welch Place
Jeffreyhaven, UT 54565",N,miles
605,Kyle King,507-15-0496,"18529 Rhonda Drive Apt. 428
Moonborough, NE 63092",N,miles
606,Dana Turner,782-96-6214,"61640 Timothy Trail Suite 952
Gregoryport, NH 74201",Y,miles
607,Ashley Parker,497-08-7294,"643 Nicholson Ford
New Phillipland, FM 39573",N,miles
608,Victoria Davis,610-19-7299,"170 Johnson Gardens Suite 825
Lake Micheleberg, HI 56882",N,hours
609,Crystal Flynn,523-63-7525,"606 Jared Square
Port Rebeccafurt, NM 68906",N,hours
610,Aaron Petersen,361-42-8622,"13616 Taylor Landing
Hudsonbury, PW 38265",Y,miles
611,Michael Dominguez,488-65-7078,"3129 Emily Pike
Port Kaylashire, NE 15944",Y,hours
612,Mark Watson,008-12-6009,"474 Foster Ferry Suite 294
Kellyfurt, AR 29877",Y,hours
613,Rebecca Maldonado,438-39-8371,"8692 Patrick Circle
Markbury, FL 05708",N,hours
614,Connie Hernandez,395-25-5434,"257 Kaitlyn Union Apt. 868
New William, AS 55638",N,miles
615,Valerie Howard,193-61-3566,"09647 Costa Bypass Apt. 616
Port Kristina, MP 51463",Y,miles
616,Jesse Scott,232-85-6287,"006 Hardin Station
New Geoffreyburgh, FM 87842",N,miles
617,Elizabeth Ward,142-39-3665,"0527 Pamela Center Apt. 397
East Ashley, WY 66835",Y,hours
618,Craig Baker,488-86-9070,"996 Bowen Dale
Wellsville, AL 92654",Y,miles
619,Thomas Werner,243-41-1243,"367 Timothy Inlet
Romerobury, ME 08617",Y,hours
620,Christina Proctor,427-48-7895,"4160 Anthony Walk Suite 267
Mcclureberg, SD 61465",N,miles
621,Ralph Robinson,323-64-5453,"087 Horton Fork Suite 141
Lake Melindafort, CA 42673",N,hours
622,Stephanie Fernandez,235-27-4996,"71319 Willis Ridges
Laurenhaven, SC 62385",Y,miles
623,Linda Hughes,283-48-9070,"34177 Mckinney Garden Apt. 007
Maynardmouth, MO 92623",N,hours
624,Alexis Terry,692-02-2057,"648 Jimenez Skyway Apt. 434
Lake Juanborough, KS 80880",Y,miles
625,Michelle Arellano,200-60-4022,"205 Galloway Parkway
North Julie, NM 85161",N,hours
626,Angela Nguyen,220-52-7402,"4956 James Course
South Danielle, SC 90942",N,miles
627,Brittany Hernandez,210-97-9188,"62153 Krause Orchard
West Heather, PA 56495",N,miles
628,Carol Schmidt,618-86-2699,"8919 Thomas Mill Suite 835
East Phillip, HI 06025",Y,hours
629,Robert Santos,358-15-9567,"387 Mason Mountain Apt. 823
Port Joseph, MS 98502",Y,miles
630,Jennifer Cunningham,025-34-4811,"035 Bean Mews Suite 374
Fergusonfort, KY 43398",Y,miles
631,Sarah Lee,601-59-4588,"68319 Owens Bypass
Ramirezton, HI 27093",Y,hours
632,Dr. Richard Green,333-94-6185,"303 Miranda Pines Apt. 013
Port Kevin, KS 81275",Y,hours
633,Angela Warren,889-93-8661,"2817 Karen Ridge Suite 057
Lake Steven, IN 82401",Y,hours
634,Kathryn Welch,206-79-7778,"63949 Joshua Plaza Suite 184
New Ericside, KS 74167",Y,hours
635,Allison Martinez,321-34-3355,"34724 Green Knolls
West Edwardfort, WY 90168",Y,hours
636,Nicole Wood,128-75-7500,"65708 Bradley Ferry Apt. 618
North Andrew, WY 90202",Y,miles
637,Kimberly Ryan,174-95-9271,"3461 Carl Ranch
Smithtown, AZ 89160",N,miles
638,Rachel Brady,615-80-7934,"5500 Harris Rapid Suite 318
West Anthony, LA 50116",N,hours
639,Jaime Brown,175-13-5129,"50886 Michael Cliffs Apt. 834
New Curtishaven, CT 49031",Y,hours
640,Amy Hernandez,588-41-4324,"1810 Grimes Fork Suite 472
Craneton, WY 67417",N,hours
641,John Lang,493-42-5093,"47861 Nicole Rue Apt. 023
Walkerside, MI 56470",Y,miles
642,Jennifer Stanley,107-40-7360,"65942 Jennifer Drives Apt. 879
Andersonmouth, KY 79497",N,miles
643,Michael Lopez,117-71-5692,"798 Edward Meadows
South Michael, GA 44716",N,hours
644,Lee Costa Jr.,020-67-2767,"Unit 0774 Box 8960
DPO AE 85671",N,hours
645,Nicholas Cook,334-63-4096,"24607 Spencer Fort
Lake Cindystad, VT 79087",N,hours
646,Adam Ortiz,521-17-3616,"69348 Clark Burg
New Benjamin, MD 44887",Y,hours
647,Erin Martin,298-88-6645,"71976 Charles Parkway
West Cheryl, CA 91963",N,miles
648,Angela Wood,309-25-6411,"66874 Tina Rest Suite 763
Port Maryfurt, NY 43484",Y,miles
649,Katrina Alvarez,632-45-9065,"Unit 1000 Box 1453
DPO AP 55333",N,miles
650,Angela Howe,701-27-7050,"USNS Daniels
FPO AE 82241",Y,hours
651,Samantha Rhodes,678-15-2635,"36489 Green Junction
Michaelland, SC 12407",Y,hours
652,Erin Russell,129-33-6839,"1585 Rodriguez Wells Suite 134
Williammouth, PR 05969",N,hours
653,Michelle Adkins,504-18-7179,"974 Evans Prairie
East Leroyberg, NC 09778",N,hours
654,Brian Gonzalez,453-47-4505,"94839 Wood Avenue
Lake Carolyntown, NM 70171",N,miles
655,Jason Anderson,597-88-1726,"541 Guzman Crescent
Kellyton, OH 95618",N,miles
656,Natalie Mullins,213-46-3886,"3267 Cook Rapid Apt. 392
Lake Pamela, NM 94907",N,hours
657,Bradley West,884-63-3957,"009 Burnett Village
East Gregory, VI 67072",Y,miles
658,Julian Medina,649-78-6686,"3303 Julie Highway Apt. 273
Debrastad, DC 19495",N,hours
659,Virginia Hughes MD,707-92-9918,"61842 Amanda Villages
Sarahtown, NV 93019",N,miles
660,Mr. Michael Robinson,363-13-3057,"619 Howard Brook Apt. 074
Melissahaven, MD 73949",N,hours
661,Patrick Wright,338-24-1879,"63666 David Vista Apt. 525
Port Manuelport, KY 34559",N,miles
662,Donna Cabrera,509-63-1625,"48779 Craig Mountains Suite 950
Martinezhaven, FL 27055",Y,hours
663,Michael Johnson,417-67-1687,"9215 Ashley Creek
Ballardbury, AR 97807",N,miles
664,Justin Stephens,103-15-0879,"84709 Joseph Causeway Suite 555
South Marie, WA 41311",Y,hours
665,Gary Hendrix,299-09-9640,"8410 Joanne Lodge Apt. 184
Port Michaelland, FL 71434",Y,miles
666,Samantha Black,370-56-9142,"7750 Manuel Dam Apt. 763
Port Robert, LA 98215",Y,miles
667,Dennis Sheppard,767-83-5773,"Unit 5330 Box 7634
DPO AA 87717",N,miles
668,John Chapman,661-16-7244,"7401 Price Square Suite 278
Marcustown, WV 40902",Y,hours
669,Kevin Pham,869-60-6825,"548 Meyer Dale Suite 303
Port Brianside, NC 11874",Y,hours
670,Meredith Hill,575-44-0540,"82675 Sandra Trail
South Johnport, AL 23232",Y,miles
671,Amanda Daniel,015-87-6157,"6754 Soto Street Apt. 515
Lake Aliciatown, NV 09461",N,miles
672,Ann Pollard,072-43-4283,"255 Jones Oval Apt. 256
Cherylchester, KS 73142",Y,miles
673,Kathleen Nunez,812-42-2771,"Unit 6437 Box 4623
DPO AA 30393",Y,hours
674,Anna Johnson,240-94-8787,"851 White Fork
Jimenezview, WI 83443",N,hours
675,Sabrina Graham,385-94-1162,"219 Sean Streets
Wendychester, NE 15699",Y,hours
676,Keith Wilson,347-46-1663,"583 Zachary Road Apt. 030
Lake Jennifer, NC 81311",Y,hours
677,Angela Johnson,456-80-7413,"PSC 8568, Box 8814
APO AE 58177",N,hours
678,Jose Nelson,785-57-7265,"214 Robert Mission
Lambland, DC 81606",Y,miles
679,Angela Morrow,364-16-8996,"Unit 1695 Box 6645
DPO AA 45297",N,hours
680,James Rodriguez,186-33-0403,"553 Jacqueline Mountain Suite 545
New Susan, UT 73515",Y,hours
681,Maureen Adams,536-98-4769,"65860 Walker Trail Apt. 561
East Julie, IN 97664",Y,miles
682,Anthony Hutchinson,776-08-0708,"829 Hicks Heights Apt. 174
Port Rebeccaburgh, ID 53201",N,hours
683,Ray Wallace,887-86-0553,"Unit 1831 Box 0574
DPO AA 61669",N,hours
684,Kenneth Hayes,529-07-2585,"5963 Welch Junction
Lake Frederick, MD 45286",Y,hours
685,David Nielsen,726-69-7441,"39151 Archer River
Williamsfort, MP 61521",Y,miles
686,Nicole Edwards,365-14-6403,"464 Nicholas Gateway Apt. 607
Lake Tonishire, VI 09071",Y,hours
687,James Gibson,457-59-0685,"361 Jonathan Crescent Suite 124
Justintown, CA 16044",Y,hours
688,Christopher White,189-04-8301,"7610 Deanna Summit Suite 596
Lake Vanessashire, MD 23985",N,miles
689,Jesse Lopez,096-32-5495,"890 Cardenas Lodge Apt. 431
Gouldfurt, CT 17235",N,hours
690,David Young,248-50-7534,"59494 Morgan Groves Apt. 478
Brownburgh, UT 16861",N,miles
691,Elizabeth Gibbs,408-40-7024,"732 Lopez Groves
Stoutview, OR 54419",Y,hours
692,Steven Brown,098-25-5489,"1994 Stout Brooks
Sarahton, TX 51471",N,hours
693,Alyssa Austin,778-77-9619,"90180 Murray Cove
West Jane, DE 67411",N,hours
694,Lonnie Sullivan,345-62-2874,"10186 Delacruz Harbors
Dustinberg, HI 00851",N,miles
695,David Holland,255-04-1156,"80987 Moore Mission Suite 065
West Thomas, MO 72292",N,miles
696,Kimberly Hughes,846-94-3223,"12651 Heather Club Apt. 474
Lake Johnville, AL 79995",N,miles
697,James Wilkerson,763-23-9256,"USNS Scott
FPO AA 07875",N,miles
698,Samantha Love,438-32-8944,"2245 Kenneth Vista Apt. 998
New Patriciaview, MT 78208",N,hours
699,Anthony Brady,266-46-5038,"Unit 5441 Box 4546
DPO AA 62055",N,hours
700,Diane Jackson,238-36-5044,"Unit 3448 Box 7664
DPO AA 26024",Y,miles
701,Julie Olson,658-88-5052,"80866 Andrew Hollow
Vickiville, IN 57644",Y,miles
702,Jade Wyatt,600-43-2899,"03217 Billy Glen Suite 519
Martinfurt, AS 68938",N,hours
703,William Rios,499-88-7177,"23196 Jones Camp Suite 548
South Chelseachester, FL 89291",N,miles
704,Alexander Jones,574-69-5032,"8694 Danielle Route Suite 508
Lake Richardberg, NV 65560",N,hours
705,Emily Gardner,410-96-7124,"40130 Ramsey Roads Suite 982
Port Kathrynport, MH 59638",N,hours
706,Nicholas Abbott,641-65-8555,"45933 Rivera Crossroad Apt. 952
East Kristinhaven, CA 53269",N,miles
707,Pamela Velasquez,879-59-1300,"Unit 8175 Box 3201
DPO AE 03010",N,hours
708,William Gibson,324-01-6638,"2513 Sara Lakes
Stephenport, RI 77935",Y,miles
709,Stephen Young,589-78-3338,"30266 Garcia Park Apt. 558
Davidside, ND 79121",Y,hours
710,Katherine Hancock,499-25-4138,"6329 Anderson Vista
Karenside, MT 71544",N,miles
711,Kenneth Sandoval,752-02-9931,"79385 Isaac Pine
Ryanport, ID 53050",Y,hours
712,Kelly Martin,466-97-8326,"92589 Sandra Meadow Suite 804
New Jonton, AS 38632",Y,miles
713,Robert Wong,120-32-0773,"104 Kelly Stream Suite 280
Lake Marcus, TX 23821",Y,miles
714,Katherine Sparks DDS,243-83-3444,"91999 Christopher Extension Suite 361
Carolynmouth, MA 06701",N,miles
715,Robin Johnson,547-22-6787,"239 Gates Lakes
West Marcusland, IL 38412",N,miles
716,Linda Brown,170-11-4061,"PSC 4409, Box 5285
APO AP 43376",Y,miles
717,Mrs. Mackenzie Smith DDS,353-42-1783,"3241 Austin Mall Suite 222
Shannonton, UT 74481",N,miles
718,Melissa Gilmore,779-24-4912,"060 Gerald Falls
East Christinemouth, KY 33008",Y,miles
719,Wesley Rubio,838-73-2615,"60195 Samantha Radial
Alanville, TX 82466",N,miles
720,Brandon Weber,719-16-5070,"01794 Christopher Trail
North Michaelchester, DC 38377",Y,miles
721,Richard Burke,603-01-1592,"928 Valerie Pike
Port Mary, FL 01045",N,miles
722,Connor Love,524-72-9004,"5761 Nichols Light Apt. 408
East Amytown, AL 56894",N,miles
723,Joshua Alvarez,883-36-0687,"1795 Kelly Turnpike
Johnsonmouth, VT 10459",Y,miles
724,Grace Chavez,327-04-4529,"0913 Parsons Falls Apt. 309
West Devinview, AZ 95044",Y,hours
725,Laura Newton,220-45-0524,"93164 Williams Mill Suite 600
East Tammy, NM 07944",N,hours
726,Selena Stevenson,086-51-8765,"4902 Donaldson Fall
West Elizabethberg, UT 50412",Y,miles
727,Jessica Foster PhD,574-17-7258,"4051 Ricardo Summit Suite 285
Williamshire, MA 92843",Y,hours
728,Dustin Cook,687-58-6203,"2902 Barbara Road Apt. 109
New Christinaland, WY 83242",N,miles
729,Sandra Rogers,487-09-3180,"94814 Brooke Greens
Lake Zachary, NC 01409",Y,hours
730,Michael Huber,441-86-5275,"328 Sherman Run
Tinaside, TN 36675",Y,hours
731,Erin Ruiz,314-22-4135,"553 Mendoza Falls Suite 413
North Stephanie, OR 09198",Y,miles
732,Wendy Cordova,207-92-4624,"654 Burton Coves Apt. 281
Jomouth, AL 28908",Y,miles
733,Kristina Lawson,231-88-8319,"971 Allen Centers
Port Lisastad, FM 28134",Y,miles
734,Stephen Morrison,016-47-1204,"525 Lindsey Hollow
Michaelhaven, OK 87579",N,miles
735,Nichole Evans,440-93-5358,"4969 Molly Ports Apt. 976
Tinafurt, MT 63801",N,hours
736,Joseph Fritz,222-52-5756,"9626 Bradley Run
East Justinstad, MI 37028",N,miles
737,Nathaniel Hall,522-56-9401,"Unit 7398 Box 1517
DPO AP 75047",Y,miles
738,Kevin Mendoza,828-66-6636,"39340 Jennifer Dam Suite 839
Jacquelineville, SD 65839",N,miles
739,Patricia Olson,205-76-5665,"407 Frank Wells
Lake Amandaton, MS 14676",N,hours
740,Eric Townsend,061-09-9802,"01430 Nicholas Orchard
Johnsonshire, VT 53592",N,hours
741,Raymond Saunders,834-98-3488,"12482 Gilmore Dam Apt. 646
Nicoleport, PR 36585",Y,miles
742,Barbara Nguyen,027-57-2315,"Unit 5239 Box 7783
DPO AE 28599",Y,hours
743,Melissa Chapman,491-04-2323,"68340 Walters Camp
Reneetown, MS 31696",Y,miles
744,Alison Martinez,658-13-6238,"1923 Russell Stravenue
Crystalfort, PW 63535",Y,miles
745,Darren Jensen,529-41-7348,"009 Paul Meadows Suite 992
Nelsonview, WV 53390",Y,miles
746,Miguel Cooper,545-58-2374,"537 Larry Estate
Matthewberg, PA 45979",N,miles
747,Jordan Walsh,164-51-9637,"921 Michael Mountains Apt. 019
West Calebstad, AR 08730",N,hours
748,Jonathan Hogan,803-77-7957,"9895 Delgado Meadow
Alexfurt, LA 85961",N,miles
749,Janice Pacheco,277-02-2214,"4782 Donald Roads Suite 194
West Rebeccastad, ME 30288",N,hours
750,Benjamin Brooks,649-50-9342,"81962 Willie Branch
West Jason, AL 33635",Y,hours
751,Matthew Brown,689-56-8558,"8351 Michael Island
Deanmouth, FL 19208",N,miles
752,Maureen Bell,355-17-6477,"9123 Martha Lakes Suite 595
Wangland, PR 78212",Y,miles
753,Kimberly Green MD,746-87-4172,"4740 Eric Mountains Apt. 349
South Patriciachester, AR 75455",N,miles
754,Aaron Holden,215-85-5310,"580 Wilkerson Lights
South Erikside, LA 10437",N,miles
755,Barry Tyler,061-47-1984,"272 Paul Brooks Suite 322
Port Gregoryview, MS 46467",N,hours
756,Nichole Miles,450-04-7202,"7057 Hubbard Circles Apt. 371
Meganhaven, AR 51038",Y,miles
757,Maria Rivera,748-51-8370,"18156 Robert Mills
South Melissa, DC 58820",N,hours
758,Heather Griffith,239-66-0161,"PSC 0682, Box 8077
APO AE 47664",Y,miles
759,Christian Smith,546-58-8528,"336 Lisa Motorway
West Todd, VA 79278",N,miles
760,Christian Acosta,373-80-2877,"912 Olsen Drive
Port Samantha, PW 98951",N,miles
761,Sean Higgins,664-99-8061,"75345 Michael Lodge
West Gavin, WY 82766",Y,hours
762,Jenna Walker,694-40-8785,"8512 Tonya Causeway
Port Terri, WV 86782",Y,miles
763,Tyrone Obrien,811-94-1244,"102 Tracey Radial Apt. 655
Stoneborough, SD 25353",N,miles
764,William Case,417-41-9787,"19194 Gamble Dam Suite 872
Bassburgh, WY 79853",N,miles
765,James Young,374-05-4504,"392 Arellano Ranch
North Samanthachester, SD 33707",N,hours
766,Carol Todd,260-65-2483,"073 Cisneros Burg
Cainton, DE 57074",N,hours
767,Rebecca Garcia,395-24-1827,"09798 Hooper Islands
Jimenezland, PW 49119",N,miles
768,Edward Lewis,379-44-6203,"895 Tate Walk Apt. 523
Katherinemouth, UT 08996",Y,miles
769,Sheila Mckay,201-16-8957,"143 Walton Centers Suite 873
East Jennifer, AK 27106",Y,miles
770,Renee Hoffman,324-17-1367,"PSC 5102, Box 9223
APO AE 45109",Y,miles
771,Douglas Mendoza,752-02-7021,"7096 Taylor Route
West Traci, OH 41567",Y,hours
772,Amanda Patterson,500-69-8744,"90439 Jennifer Turnpike Suite 989
Smithhaven, MO 24255",N,miles
773,Randy Murphy,099-23-2557,"PSC 8051, Box 9820
APO AA 23471",Y,miles
774,Cody Bryant,456-24-3283,"9046 Harrington Court
South Manuel, GU 72490",Y,miles
775,Bobby Jensen,567-49-1273,"84211 Shannon Unions Suite 777
Port Danahaven, NV 30254",N,miles
776,John Washington,333-12-4650,"98546 Gregory Circles
Flemingville, PR 36716",N,hours
777,Nicholas Shaw,077-84-4833,"32225 Wright Plain
West Timothyside, DE 41077",Y,miles
778,David Long,828-38-5096,"335 Rose Lake Suite 466
East Kathleen, OR 10234",N,hours
779,Carla Vaughn,317-85-6268,"073 Gregory Forest Apt. 042
West Janetfurt, PR 83107",Y,miles
780,April Collier,790-03-3788,"USNS Gordon
FPO AP 62024",N,miles
781,Anthony Torres,280-47-1078,"0533 Larry Trail
South Jessica, RI 63576",N,miles
782,Melissa Velez,002-59-0561,"61473 Robert Point
Emilystad, WA 91598",Y,miles
783,Lance Pearson,269-72-2751,"34591 Kevin Summit
South Richardtown, HI 11135",N,hours
784,Erica Porter,594-51-0107,"25205 Joseph Rapids
North Carlaport, RI 99734",Y,hours
785,Chad Jackson,055-80-4723,"798 Taylor Extension Suite 374
Stephanieside, AR 70774",Y,hours
786,Amber Livingston,584-50-4952,"USNS Atkinson
FPO AA 50448",Y,miles
787,Corey Moore,264-65-1891,"525 Cathy Pine
Emilytown, VA 28613",Y,hours
788,Mary Hughes,494-22-7397,"PSC 1803, Box 3129
APO AA 81135",N,miles
789,Melissa Rogers,150-82-2266,"50063 Kathryn Road
Michealhaven, VT 70004",N,hours
790,Michelle Lyons,811-81-2644,"USNV Collins
FPO AP 31535",Y,miles
791,Amy Nichols,467-33-5126,"091 Cindy Canyon Suite 155
East Jasminechester, PR 38661",Y,miles
792,Antonio Romero,340-29-4615,"76595 Webb Lakes Apt. 754
West Kevinberg, ID 47310",Y,hours
793,Lauren Lopez,608-93-9372,"819 Nicole Ways
Loveshire, OH 67634",N,miles
794,Jimmy Peterson,471-41-6838,"50058 Christina Pines Apt. 352
South John, SD 05292",Y,hours
795,Sara Barber,548-70-4954,"45102 Amanda Extension Apt. 120
Port Robert, MN 10560",N,hours
796,Tabitha Whitney,405-61-3260,"59282 Dickerson Manor
New Christopher, MN 50816",Y,hours
797,Mark Bauer,548-79-6416,"91685 Matthew Views
Hayesview, WV 51387",N,miles
798,Brian Lloyd,427-58-8526,"31366 Klein Isle Apt. 531
Graystad, OR 05627",Y,hours
799,Sarah Santana,315-71-8631,"0925 Robert Path Apt. 659
Jaredburgh, MA 58216",N,miles
800,John Porter,454-49-0934,"Unit 1001 Box 0798
DPO AA 52931",Y,hours
801,Christina Mckay,225-01-5821,"620 William Center Apt. 682
Cochranmouth, CT 05829",N,hours
802,Elizabeth Flynn,038-30-8158,"PSC 8129, Box 7039
APO AE 04112",Y,miles
803,Laura West,265-93-4677,"458 Mccarthy Rapids
Jarvismouth, IL 30629",Y,miles
804,Jennifer Hunter,056-02-0757,"Unit 4115 Box 5072
DPO AP 94570",Y,miles
805,Sharon Johnson,583-04-9729,"3797 Rebecca Canyon Apt. 728
Johnsonfurt, MO 83935",N,hours
806,Kathryn Jensen,194-62-1292,"503 Crosby Loaf
Townsendview, FM 50601",N,hours
807,Karen Reynolds,216-59-6660,"41045 Foley Groves
Kathrynstad, PR 30233",Y,hours
808,Amy Jackson,583-09-9681,"351 Orozco Walks
East Brittanyberg, IA 79960",Y,miles
809,Alexis Malone,561-48-1599,"6706 Jacob Vista
Mendezton, IA 12683",N,miles
810,Mrs. Barbara Jacobs,743-89-7806,"49149 Esparza Parks Suite 952
Port Christopher, VI 60496",Y,miles
811,Julie Gallegos,192-67-5279,"PSC 3614, Box 2280
APO AE 75912",N,miles
812,Samuel Vincent,726-83-4379,"94743 James Fall
East Hannahfurt, AZ 73346",N,hours
813,Bradley Medina,257-73-9730,"USNS Brandt
FPO AA 14442",N,hours
814,Lisa Preston,734-45-4230,"15159 Connor Forks
Pattersonport, FM 25510",Y,hours
815,Alyssa Hernandez,446-96-8589,"121 Karen Ville
Emilymouth, MT 37169",N,miles
816,Mitchell Roy,771-55-5238,"359 Benjamin Island
Fosterfort, IA 75335",Y,miles
817,Jason Thompson,429-09-5387,"84534 Philip Rapids Suite 046
Hansenborough, OR 18809",N,miles
818,Pamela Turner,762-30-0256,"Unit 0452 Box 2666
DPO AE 07191",N,hours
819,Stephanie White,153-13-8922,"307 Long Underpass
Leviburgh, KS 31597",Y,hours
820,Angela Aguirre,602-20-4039,"450 Fernandez Springs Apt. 735
Andersonmouth, PR 32746",N,miles
821,Daniel Brown,529-16-9793,"2415 Zavala Ridge Suite 439
Carlsonton, NC 77036",N,miles
822,Tiffany Clark,410-51-3437,"9761 Pamela Gateway
South Lukeborough, MN 51615",N,miles
823,Christopher Jennings,323-82-5369,"85349 Marissa Summit Suite 262
Rivaston, MA 56655",Y,hours
824,Richard Carter,082-45-1921,"25287 Nancy Wells
West Samanthastad, MN 92486",N,miles
825,Patrick Mclean,117-74-7645,"163 Jennifer Radial Suite 930
North Amandafort, CO 65548",N,miles
826,Stacy Garrett,573-11-2428,"13799 Sara Grove
South Brian, WA 45081",Y,hours
827,Whitney Porter,010-46-9495,"Unit 7484 Box 7602
DPO AA 15203",N,hours
828,Richard Montgomery,090-28-3537,"002 Donna Roads Suite 646
Lawrencefurt, SC 26754",Y,miles
829,Elizabeth Crawford,747-94-7272,"6617 Boyer Islands Suite 593
Meyerschester, IL 21195",N,miles
830,Shannon Jordan,118-74-5078,"25759 Carroll Way
Cannonborough, PW 28535",N,hours
831,Becky Kent,461-53-4432,"96080 Courtney Burgs
Katherinemouth, MP 77851",N,hours
832,Amy Kline,593-65-4187,"0938 Petersen Plain Apt. 143
East Lori, VT 50273",N,miles
833,Thomas Gomez,751-83-1274,"3210 Yang Forges
New Marissaborough, NJ 86397",Y,miles
834,Brianna Torres,099-51-3792,"PSC 1973, Box 2643
APO AE 06764",N,hours
835,Dawn Rodriguez,379-10-8566,"1857 Casey Brook Apt. 773
Lewisland, AR 76083",Y,hours
836,Alexander Gonzalez,369-71-2555,"2273 Laura Terrace
Williamston, GA 21124",Y,hours
837,Marvin Yates,895-27-7565,"67055 Daniel Camp
Hollandtown, TX 36969",Y,miles
838,Andrea Maldonado,287-55-9269,"229 Rogers Course Suite 106
Lake Julietown, NY 79111",N,miles
839,Mathew Hall,108-64-6528,"07220 Hill Garden Apt. 187
Port Katelynborough, LA 60753",N,miles
840,Victoria Sawyer,580-33-3696,"338 White Well Apt. 595
North Tiffany, LA 91566",N,hours
841,Melissa Johnson,422-50-8041,"Unit 3116 Box 9595
DPO AA 36488",Y,miles
842,James Barker,373-12-5304,"18008 Clarke Points Apt. 742
Lake Gary, MS 52431",Y,hours
843,Keith Navarro,795-81-5027,"07858 Baker Trace Apt. 710
Port Margaret, PA 95700",Y,miles
844,Vickie Sandoval,255-48-9695,"0161 Mark Valley
Garciaview, HI 80361",Y,miles
845,Sheila Jones,442-23-0627,"667 Scott Via
Amandamouth, VA 57730",N,miles
846,Jason Bernard,336-54-7822,"5085 Richardson Course
South Amandaland, UT 83898",Y,miles
847,Sarah Ramirez,107-92-8678,"PSC 4579, Box 8935
APO AA 24367",Y,hours
848,Maria Carson,174-67-2813,"175 Vasquez Grove Suite 686
South Rebecca, FL 42407",Y,miles
849,Kristen Vaughn,796-19-4158,"663 Little Row Apt. 092
West Nathan, PW 10855",N,hours
850,Andrea Carson,790-04-6859,"USS Booker
FPO AA 53351",Y,miles
851,Rita Rivera,322-24-8927,"1043 Maureen Gardens
Alexischester, MO 90679",N,miles
852,Kerry Johnston,085-92-8944,"5178 Michelle Cove Suite 491
New Kayla, ID 25285",Y,miles
853,Gabriel Roberts,716-48-5036,"USCGC Guerrero
FPO AA 25030",Y,miles
854,Edwin Tapia,596-57-5359,"24389 Armstrong Parkway
New Brandon, SD 85200",N,hours
855,Scott Wallace,055-63-2506,"08573 Antonio Ramp
Rodriguezland, SC 79866",N,hours
856,Omar Brock,599-04-5333,"Unit 6336 Box 6470
DPO AP 97904",N,miles
857,Stephen Armstrong,386-80-3054,"42410 Simmons Parks
Hutchinsonport, WV 16096",Y,miles
858,Julie Martin,454-40-6725,"Unit 9887 Box 1840
DPO AA 13459",Y,hours
859,Krista Gould,172-50-6606,"746 Donna Ways
Fuentesport, MS 52984",Y,hours
860,Heather Wilson,007-80-3898,"71404 Taylor Road
Lake Yolandafurt, AZ 47383",Y,miles
861,Paul Gonzalez,425-52-3703,"86941 Berger Cliffs Suite 170
Hollowayborough, DE 37668",N,hours
862,Derek Hughes,340-18-5827,"89221 Craig Pass Suite 142
Nicholasview, TX 72563",N,miles
863,Kimberly Campbell,771-72-2945,"9176 Nelson Path
Chadmouth, MO 98365",N,hours
864,Rebecca Kim,626-60-4821,"666 Shelby Plain
Anitahaven, OH 85713",N,miles
865,Christina Lambert DVM,897-14-3926,"7275 Moore Port Suite 261
Port Jackie, ND 96358",Y,hours
866,Timothy Oconnell,868-69-0636,"400 Ross Brooks Apt. 501
South Bethanystad, AZ 14806",N,hours
867,Michael Valenzuela,678-02-3837,"6342 Walker Row
South Robertborough, CA 09114",N,hours
868,Carlos Wilson,609-10-9671,"88678 Roth Ferry Suite 753
Alexanderstad, NJ 25193",Y,hours
869,Michelle Perry,746-96-5375,"2878 Marisa Tunnel
North Marc, VA 16259",N,miles
870,Jennifer Reynolds,366-89-3748,"3107 George Mountain
Markshire, LA 94206",N,miles
871,Hannah Bryant,266-77-7066,"8792 Sanchez Wells Suite 310
Beckerberg, RI 46555",Y,hours
872,Brenda Adams,870-76-7794,"500 Johnson Stravenue Apt. 770
Samanthamouth, GU 37922",N,hours
873,Shannon Perez,565-57-8390,"PSC 8358, Box 2685
APO AP 30677",Y,hours
874,Scott Bishop,799-33-4458,"5052 Jennifer Center Suite 798
Fitzgeraldberg, OR 76896",N,miles
875,Angela Long,610-92-3877,"8672 Susan Cliffs
Port Anaville, WY 51503",N,miles
876,Ashley Marsh,072-01-8388,"7662 Welch Fords
East Leahton, DE 43311",N,miles
877,Ronald Sosa,721-40-2007,"8427 Richmond Station Suite 436
Waltersport, MA 66135",N,hours
878,Cassandra Wright,309-78-2218,"31689 Laura Station Apt. 098
Smithstad, CT 00507",N,miles
879,Jason Fritz,270-80-9187,"645 Ball Avenue Apt. 946
Heatherfurt, PW 37838",Y,hours
880,Jill Sellers,771-51-6833,"97456 Harrison Passage
Port Christine, IN 49125",Y,hours
881,Tamara Allen,667-68-1427,"88742 Ramirez Inlet Apt. 111
Aaronstad, IA 04517",N,miles
882,Erica Martin,135-86-3438,"8414 Mitchell Lodge Apt. 745
North Theresa, MN 34375",Y,miles
883,Julie Carroll,317-54-5161,"243 Monroe Roads
South Diane, ND 15588",Y,miles
884,Billy Tucker,477-33-9944,"5767 Moore Burg Suite 834
Paulahaven, MP 24712",N,miles
885,James Jackson,528-09-5927,"Unit 4637 Box 0311
DPO AE 23315",Y,hours
886,Thomas Obrien,817-74-1041,"4511 Jason Ports
Johnstonton, NC 01720",Y,hours
887,Amy Collins,298-32-8492,"482 Riley Junctions
Jacobside, MP 66361",N,hours
888,Francisco Perry,392-81-1984,"290 Mcdowell Underpass
West Christopherside, AZ 38837",Y,miles
889,Jason Smith,731-55-0458,"92896 Caitlin Oval
North Kaylaside, MI 08303",Y,hours
890,Dale Rogers,286-80-0753,"2777 Anderson Tunnel Suite 915
Garciaville, SD 59871",Y,hours
891,Jordan Lewis,831-93-4224,"191 Arnold Glen
Mannberg, FL 63189",Y,miles
892,Kerry Reese,189-52-0507,"Unit 1802 Box 2402
DPO AA 77202",N,hours
893,John Chavez,246-08-0080,"841 Steven Bridge Apt. 281
North Daniel, MP 97135",Y,hours
894,Todd Smith,155-51-9430,"15444 Christopher Shore Apt. 160
Andersonberg, MS 58004",N,miles
895,Monica Dominguez,793-99-4409,"67186 Carolyn Fields
New Marc, WI 48543",Y,hours
896,Matthew Richardson,157-46-0866,"USS Montgomery
FPO AA 38601",N,hours
897,Kathy Smith,665-89-2730,"2178 Troy Brooks
North Johnny, VI 55144",N,hours
898,Phillip Jackson,691-87-8081,"27962 Kenneth Camp
Richardsshire, ID 56196",Y,miles
899,Alexandria Allen,316-39-4052,"3740 David Unions Apt. 058
South Samanthaside, SD 63936",Y,miles
900,Wayne Weber,117-86-9262,"954 Robin Summit
East Jackson, GA 89921",N,hours
901,Maria Nichols,048-37-9408,"5532 Roy Manor Suite 751
Port Ericland, ID 96773",Y,miles
902,Tara Davis,690-77-2773,"93216 Wallace Mount
New Jonathan, AK 03683",Y,miles
903,Anita Meyer,425-08-8086,"399 Mark Trail
West Anthonystad, MA 66642",Y,miles
904,Taylor Perkins,193-59-6007,"227 Williams Avenue Apt. 961
Beltranfurt, AZ 72057",Y,miles
905,Julia Farley,479-22-1467,"418 Stewart Stravenue Apt. 088
West Kevinfort, MP 81071",Y,miles
906,Stacey Vincent,322-50-7643,"USCGC Caldwell
FPO AA 76854",Y,hours
907,Michael Skinner,159-78-3473,"4220 Larry Run Apt. 884
East Amy, VI 36425",Y,hours
908,Tammy Franklin,583-96-5484,"391 Garcia Forks Apt. 331
South Alicia, NC 61402",Y,miles
909,Ryan Brown,020-46-5173,"709 Clarke Locks Suite 519
Russellchester, SC 49540",Y,hours
910,Andrew Richardson,160-82-2039,"PSC 1160, Box 8976
APO AA 33828",N,hours
911,Nancy Hansen,104-83-6062,"PSC 4061, Box 8371
APO AE 56444",N,miles
912,Catherine Owens,204-31-8831,"960 Wagner Squares Apt. 014
Dianemouth, OR 91268",Y,miles
913,Emily Martinez,756-08-3677,"239 Danielle Highway Suite 362
West Brian, FL 98306",Y,hours
914,Laurie Smith,456-26-8125,"88780 Sarah Court
Kevinberg, AK 50554",N,hours
915,Emily Johns,054-66-0963,"40865 Anthony Glen
Laurenburgh, MS 39228",Y,miles
916,Brent Williams III,261-81-6818,"4008 Joseph Gardens Apt. 914
Ryanhaven, FL 07174",N,hours
917,Brandy Christensen,635-02-9316,"3326 Bowers Underpass
East Ericahaven, LA 31105",Y,miles
918,Dawn Bruce,676-08-0682,"564 Chad Shoals
Rileyport, MA 00529",N,miles
919,Eric Harris,801-18-0639,"2151 Rachel Expressway
Taraborough, MT 00626",Y,hours
920,Robert Johnson,579-86-6502,"Unit 7898 Box 1090
DPO AP 29639",Y,hours
921,Angela Alexander,773-50-9663,"8790 Robinson Spurs
Port Lisaborough, OR 89866",Y,miles
922,Brent Jacobs,378-62-1484,"324 Hayden Radial
Jimmymouth, OH 06947",N,miles
923,Tanya Hicks,096-42-5486,"079 Breanna Vista Suite 796
West Charles, LA 15330",N,hours
924,Ana Strickland,549-44-4187,"8918 Wilson Heights
Joelbury, PW 74336",N,hours
925,Ethan Clark,892-31-8253,"6376 Richard Valley Suite 268
Port Michaelfurt, UT 99842",N,miles
926,Lawrence White,559-31-1569,"90525 Jackson Passage
West Toddbury, SD 52663",Y,hours
927,Nancy Hughes,363-48-1592,"9040 Miller River
West Brendaview, UT 12128",Y,hours
928,Sara Miller,260-23-3994,"934 Kimberly Lodge Apt. 643
South Jamie, GA 38491",N,miles
929,Cynthia Brown,427-85-1255,"32308 Patricia Locks
Lake Jamesberg, MO 30559",Y,hours
930,Brian Edwards,633-33-2776,"409 Debra Overpass Suite 537
North Ronald, NH 02515",Y,hours
931,Howard Hernandez,547-06-7223,"934 Tanner Mission
North Ashleymouth, OR 71475",N,miles
932,Michael Hayes,521-70-4842,"787 Turner Neck
Lake Tracy, KS 77786",N,miles
933,Michael Valencia,841-09-6134,"PSC 1548, Box 6345
APO AP 31156",N,miles
934,Jessica Powers,174-35-1468,"93779 Brown Pass
New Rachel, SD 22873",Y,miles
935,Charles Silva,318-41-5868,"7857 West Centers Apt. 092
Lake Jason, VT 96222",N,hours
936,Tammy Williams,744-50-7889,"478 Dominguez Circle
New Mollyview, AL 25345",N,miles
937,Daniel Patterson DVM,268-57-0226,"PSC 3453, Box 6094
APO AA 51993",Y,miles
938,April Rodriguez,833-24-4755,"75297 Melanie Light
Jesseshire, SC 20860",N,miles
939,Dakota Lawson,056-70-5662,"3688 Daniel Flat Suite 030
Johnberg, FL 74606",N,miles
940,Abigail Hernandez,264-43-9631,"1840 Valerie Crest
New Donaldton, WV 92553",Y,hours
941,Tyler Johnson,574-70-8641,"51717 Darren Turnpike
Lake Jessicaview, WV 35338",N,miles
942,Elizabeth Aguilar,443-01-8107,"488 Raymond Junction Apt. 681
New Maria, MA 87040",N,miles
943,Brandon Woods,139-41-7492,"253 Diana Harbor Apt. 974
Margaretchester, CT 03923",N,hours
944,Joel Nelson,050-47-6258,"041 Jeremy Glens Apt. 038
Roberttown, NH 28119",N,miles
945,Martha Shelton,571-50-6594,"7304 Henderson Plaza Suite 193
Jeffreybury, IN 11343",Y,hours
946,Casey Walton,465-30-7425,"11984 Bell Divide
Lake Antoniotown, MT 18406",N,miles
947,Robert Lee,568-34-3656,"Unit 0729 Box 4470
DPO AE 45522",Y,miles
948,Donald Hale,205-17-0355,"3921 Brian Course
Port Shannon, AS 38629",Y,hours
949,Megan Cook,852-38-3326,"3474 Reed Locks Apt. 418
Smithton, MH 15706",Y,hours
950,Bobby Nelson,222-79-8384,"39891 Williams Junction Apt. 593
New Katie, WI 98646",N,hours
951,Brandon Lopez,319-42-1987,"8088 Thomas Junction Apt. 184
Lake Christopher, NE 07190",Y,hours
952,Denise Lyons,049-75-9117,"727 Christopher Mills Apt. 060
Jamesstad, DE 41005",N,hours
953,Christina White,040-49-7914,"5419 Jeremy Glens
Meltonchester, MS 91886",N,miles
954,Scott Walker,104-59-1365,"63058 Michele Track
North Marieberg, GU 73840",N,miles
955,Duane Nelson,372-86-8594,"2696 Taylor Ferry Suite 386
New Cynthiachester, HI 21154",Y,miles
956,Timothy Abbott,815-33-9151,"7955 Robert Trace
South Krystalfort, TX 33841",N,hours
957,Yvonne Lee,184-60-5420,"USNV Collins
FPO AP 35748",Y,miles
958,James Espinoza,276-13-6046,"Unit 3522 Box 5346
DPO AE 46662",Y,hours
959,Carol Fernandez,573-88-5905,"98252 Levi Alley
Port Joshuashire, RI 27823",N,miles
960,Mr. Brian Lee IV,362-38-7351,"67591 Danielle Expressway
Wagnermouth, PW 02135",Y,miles
961,Michael Williams,464-11-6688,"7059 Maria Circles
Alishaside, MP 39961",N,miles
962,Sandra Davis,764-83-5758,"037 Ingram Skyway
North Candaceton, MI 18845",Y,miles
963,Misty Williams,082-75-7394,"96072 Hill Island Suite 687
Pattyhaven, NC 18115",N,miles
964,Brandon Cruz,065-11-4199,"04825 Melanie Shores Suite 843
New Stephanieborough, VI 90270",Y,hours
965,Robin Lee,516-19-8917,"871 Brandon Lock
East Jonathonberg, MD 93731",N,hours
966,John Hudson,085-13-6310,"22321 Cox Parkway
South Michael, SC 45267",N,hours
967,Brandon Davis,384-70-6954,"325 Sandra Plaza Apt. 953
Whitefort, MA 21622",Y,miles
968,Thomas Casey,808-47-6113,"491 Maldonado Burgs
Carolineborough, NH 10114",Y,miles
969,Shannon Williams,107-08-3925,"12028 Shannon Villages
East Davidton, NM 90897",Y,miles
970,Kathleen Zuniga,072-17-5585,"95693 Reynolds Club Suite 025
Edwardburgh, CA 03232",Y,miles
971,Carl Mora,715-27-2247,"293 Simmons Lodge Apt. 507
Valeriemouth, PA 92944",N,hours
972,Melissa Day,846-90-4089,"028 Tracy Valley Apt. 891
West Kellystad, VT 99471",N,miles
973,Ashley Kane,442-71-6550,"904 Lisa Valley Apt. 450
Randallborough, FM 57498",Y,miles
974,Michael Cortez,489-13-8290,"2309 Kristin Overpass
North Alexandramouth, NM 51457",Y,miles
975,Daniel Green,668-57-2571,"387 Bryan Knolls
Lake Amandahaven, CT 94527",N,miles
976,Wayne Barrett,094-97-6901,"154 Young Ports
Lisastad, TX 44773",N,miles
977,Laurie Russell,272-11-7053,"7324 Brown Grove
West Rogerville, KS 97506",Y,miles
978,Robert Wise,048-74-4327,"09505 Fowler Land Apt. 821
Albertbury, ND 33174",N,hours
979,Kristen Tate,165-01-3852,"2327 Williamson Run Suite 513
West Michaelchester, TN 19956",Y,hours
980,Barbara Good,733-15-7910,"3317 Delgado Garden Apt. 223
New Rodneyberg, GA 83002",Y,miles
981,Jessica Baker,124-52-4691,"71129 Ashley Parks Apt. 952
Smithborough, RI 12242",Y,hours
982,Amber Larson,249-34-8418,"855 John Stream Apt. 118
Johnland, ME 29893",N,hours
983,Jason Jones,462-59-2395,"29011 Amanda Estates
Glennville, CT 74849",Y,hours
984,Daniel Donovan,052-40-5721,"5545 Christopher Garden
Port Heather, MO 27580",Y,miles
985,Bryce Saunders,096-68-1608,"17124 Edward Mountain Suite 133
South William, LA 29820",Y,miles
986,Mary Crawford,814-31-2749,"76839 Lopez Point Suite 049
West Tylerstad, OH 75787",Y,hours
987,Brandi Salinas,491-34-2713,"1495 Ray Trafficway Apt. 899
East Clinton, IL 37490",Y,miles
988,Ann Andersen,453-69-3591,"34867 Browning Bypass Suite 305
South Connor, IA 85614",Y,miles
989,Frances Ferguson,618-08-4217,"96220 Stephen Parkways Apt. 810
North Teresafort, KS 21584",N,miles
990,Kevin Reyes,897-46-9945,"9179 Robinson Union
New Staceymouth, GU 98635",N,miles
991,Gregory Stewart,143-24-0266,"5716 Kevin Forks
Cruzberg, SC 94871",N,miles
992,Nicole Spears,626-66-4769,"106 Christopher Pass Suite 018
Jacobside, VA 08154",Y,miles
993,Kristen Morrison,404-57-2035,"813 Williams Plaza
Debraburgh, AZ 49974",N,miles
994,Shannon Delgado,858-24-1154,"2476 Fletcher Hills Suite 225
Rebeccastad, OH 27299",Y,hours
995,Collin Edwards,425-35-3996,"9376 Lee Stream Suite 739
Jamesborough, MD 40408",Y,miles
996,Joshua Martinez,852-12-9993,"893 Cheryl Fall Apt. 930
West Joseph, DE 67498",N,hours
997,Heather Schmidt,457-80-8935,"526 Gary Rest
Leburgh, ME 65165",N,miles
998,Kimberly Manning,363-94-0498,"PSC 5503, Box 4363
APO AE 61516",Y,miles
999,Kayla Murphy,891-07-7752,"752 Walker Grove Suite 450
Douglasborough, KS 84248",N,miles
1000,Morgan Ferguson,339-25-4463,"658 Garza Brook
Lammouth, AK 68773",N,hours
1001,Vincent Harper,801-29-3078,"89845 Dominguez Hills
New Chadville, IL 62522",N,hours
1002,Kelsey Jones,481-59-8941,"351 Francisco Stravenue Apt. 442
Hendersonview, GA 84621",Y,miles
1003,Michele Salinas,619-32-9289,"659 Thomas Common Suite 806
Peterstown, RI 08713",N,hours
1004,Anthony Mckenzie,764-99-1677,"8016 Jason Stravenue Apt. 903
North Janet, TX 91366",N,miles
1005,Christina Conner,615-87-9649,"099 Nguyen Loop Suite 506
Sandrabury, MD 32307",N,hours
1006,Angela Roach,765-89-2972,"02124 Stephenson Coves
Aliciashire, CT 75996",Y,miles
1007,Steven Bryant,067-40-3629,"812 Brandi Mills Suite 782
Allenland, CT 73712",N,miles
1008,Elizabeth Bryan,701-37-0480,"23555 Harris Wall
Mitchellville, WY 16956",Y,hours
1009,Misty Boone,110-24-9069,"1273 Sherman Freeway Suite 582
Port Lisachester, MH 95763",N,hours
